,size,calories_kcal,fats_g,sod_mg,carb_g,fiber_g,sugar_g,protein_g,vitA_g,calcium_mg,thiamin_mg,zinc_mg,potassium_mg,magnesium_mg,vitE_mg,vitK_mcg,vitC_mg,vitB6_mg,copper_mg,carotene_mg,carotene_mcg,cryptoxanthin_mcg,lycopene_mcg,cholesterol_mg,quality
0,1,21.26,0.2,8.79,4.45,0,2.69,0.37,0,1.7,0.07,2.13,13.61,3.12,0.03,0.17,6.95,0.07,0.02,3.4,1.98,1.13,0,0,1
1,,82.49,0.79,2.26,17.4,0.9,11.85,1.47,33.9,10.17,0.47,0.4,53.11,12.43,0.18,2.49,24.63,0.23,0.08,14.69,2.26,9.04,0,0,0
2,1,20.7,0.2,0.57,4.37,0.23,2.97,0.37,8.51,2.55,0.12,0.1,13.32,3.12,0.05,0.62,6.18,0.06,0.02,3.69,0.57,2.27,0,0,1
3,1,32.89,1.16,13.04,4.34,0.31,0,1.42,29.77,62.37,0.14,0.26,57.83,9.92,0,0,0.37,0.02,0.03,0,0,0,0,3.12,3
4,1,58.95,0.9,17.85,11.01,0.78,2.06,1.8,10.35,97.65,0.54,0.28,109.65,17.7,0.75,0.45,0.7,0.06,0.06,4.2,4.05,0,0,0,1
5,1,55.52,0.99,6.67,9.84,0,0,1.92,3.27,163.87,0.39,0.53,36.78,20.73,0,0,0,0.02,0.08,0,0,0,0,0,3
6,1,9.38,0.17,1.13,1.66,0,0,0.32,0.55,27.7,0.07,0.09,6.22,3.5,0,0,0,0,0.01,0,0,0,0,0,3
7,1,9.82,0.15,2.98,1.84,0.13,0.34,0.3,1.72,16.27,0.09,0.05,18.27,2.95,0.12,0.08,0.12,0.01,0.01,0.7,0.68,0,0,0,3
8,1,32.89,1.08,17.29,4.54,0,0,1.33,28.07,58.4,0.18,0.18,70.02,8.51,0,0,0.45,0.03,0.02,0,0,0,0,0,3
9,1,32.6,1.11,13.89,4.34,0,0,1.42,0,81.93,0.14,0.26,48.2,9.92,0,0,0,0.02,0.03,0,0,0,0,0,3
10,1,58.65,0.74,4.8,11.64,0.08,0.02,1.06,0,127.5,0.4,0.3,57.75,30.9,0.75,0,0.36,0.07,0.05,0,0,0,0,0,3
11,1,9.78,0.12,0.8,1.94,0.01,0,0.18,0,21.25,0.07,0.05,9.62,5.15,0.12,0,0.06,0.01,0.01,0,0,0,0,0,3
12,1,32.6,1.02,13.04,4.73,0.03,0,1.11,29.77,67.76,0.13,0.18,53.86,12.76,0,0,0.34,0.03,0.02,0,0,0,0,3.12,3
13,,89.27,0.45,31.64,19.32,1.13,2.53,1.36,23.73,19.21,0.29,0.09,31.64,3.39,0.05,0.23,35.71,0.26,0.06,10.17,0,7.91,0,0,1
14,4,89.27,0.45,31.64,19.32,1.13,2.53,1.36,23.73,19.21,0.29,0.09,31.64,3.39,0.05,0.23,35.71,0.26,0.06,10.17,0,7.91,0,0,1
15,4.25,94.8,0.48,33.6,20.52,1.2,2.69,1.44,25.2,20.4,0.31,0.1,33.6,3.6,0.05,0.24,37.92,0.28,0.06,10.8,0,8.4,0,0,1
16,1,22.4,0.11,7.94,4.85,0.28,0.64,0.34,5.95,4.82,0.07,0.02,7.94,0.85,0.01,0.06,8.96,0.07,0.01,2.55,0,1.98,0,0,3
17,1,12.64,0.06,4.48,2.74,0.16,0.36,0.19,3.36,2.72,0.04,0.01,4.48,0.48,0.01,0.03,5.06,0.04,0.01,1.44,0,1.12,0,0,3
18,1,60.6,0.63,14.4,11.98,0.15,2.5,1.3,4.35,103.65,0.6,0.22,115.35,21.15,0.06,0.57,0.3,0.1,0.04,1.8,1.65,0,0,0,1
19,1,10.1,0.1,2.4,2,0.02,0.42,0.22,0.72,17.27,0.1,0.04,19.23,3.52,0.01,0.1,0.05,0.02,0.01,0.3,0.28,0,0,0,3
20,1,33.17,0.99,16.16,4.82,0.06,0,1.19,28.35,60.39,0.19,0.16,71.73,9.64,0,0,0.31,0.04,0.01,5.1,0,0,0,3.12,3
21,1,32.6,0.94,13.89,4.85,0,0,1.11,30.62,82.5,0.13,0.18,39.97,12.76,0,0,0,0.03,0.02,7.65,0,0,0,0,3
22,6,134.3,0.34,17,31.11,1.02,17.85,1.53,25.5,27.2,0.22,0.24,85,8.5,0.07,0.34,15.81,0.19,0.04,11.9,0,8.5,0,0,0
23,,134.3,0.34,17,31.11,1.02,17.85,1.53,25.5,27.2,0.22,0.24,85,8.5,0.07,0.34,15.81,0.19,0.04,11.9,0,8.5,0,0,0
24,1,22.4,0.06,2.84,5.19,0.17,2.98,0.26,4.25,4.54,0.04,0.04,14.18,1.42,0.01,0.06,2.64,0.03,0.01,1.98,0,1.42,0,0,1
25,1,11.85,0.03,1.5,2.74,0.09,1.58,0.14,2.25,2.4,0.02,0.02,7.5,0.75,0.01,0.03,1.4,0.02,0,1.05,0,0.75,0,0,2
26,1,60.45,0.72,3.75,11.56,1.83,3.33,1.89,3,90,0.22,0.39,77.4,21,0.17,1.25,8.74,0.04,0.09,1.5,0,0.6,0,0,1
27,,88.4,3.06,56.1,12.07,1.53,0,3.23,244.8,40.8,0.01,0.49,59.5,5.1,0,0,1.19,0.03,0.04,0,0,0,0,107.1,3
28,1,14.74,0.51,9.36,2.01,0.26,0,0.54,40.82,6.8,0,0.08,9.92,0.85,0,0,0.2,0.01,0.01,0,0,0,0,17.86,3
29,,57.63,2.03,37.29,7.91,1.02,0,2.15,159.33,27.12,0.01,0.33,44.07,3.39,0,0,0.79,0.02,0.02,0,0,0,0,71.19,3
30,1,14.46,0.51,9.36,1.98,0.26,0,0.54,39.97,6.8,0,0.08,11.06,0.85,0,0,0.2,0.01,0.01,0,0,0,0,17.86,3
31,,65.54,1.7,42.94,9.04,0,0,2.49,181.93,30.51,0.01,0.37,49.72,3.39,0,0,0.9,0.03,0.03,0,0,0,0,57.63,3
32,1,16.44,0.43,10.77,2.27,0,0,0.62,45.64,7.65,0,0.09,12.47,0.85,0,0,0.23,0.01,0.01,0,0,0,0,14.46,3
33,,28.14,0.86,12.48,4.36,0.01,1.62,0.77,1.5,6.56,0.09,0.07,32.56,3.18,0.03,0.36,0.46,0.38,0,0.06,0,0,0,0,2
34,1,122.76,3.74,54.43,19.02,0.06,7.06,3.35,6.52,28.63,0.41,0.31,142.03,13.89,0.13,1.56,1.98,1.67,0.02,0.28,0,0,0,0,0
35,,34.8,1.01,0.72,5.9,0.27,1.94,0.54,187.84,6.64,0.04,0.06,34,2.4,0.12,0.26,0.12,0.02,0,80.16,64.8,0.16,0,0.32,2
36,,22.1,0.72,18.5,3.56,0.01,0,0.38,0,1.6,0.02,0.03,7.8,1.1,0,0,0.28,0,0,0,0,0,0,0.05,3
37,1,125.31,4.05,104.9,20.19,0.06,0,2.15,0,9.07,0.14,0.15,44.23,6.24,0,0,1.56,0.01,0.02,0,0,0,0,0.28,3
38,,3.33,0.14,7.52,0.47,0.03,0.09,0.06,25,0.29,0,0.01,1.72,0.26,0.02,0.24,0.35,0,0,12.78,4.45,0.01,13.18,0,3
39,4,76.84,0.9,33.9,15.98,0.9,11.92,1.13,21.47,12.43,0.01,0.14,101.7,5.65,0.08,0.23,13.56,0.15,0.05,9.04,7.91,0,0,32.77,0
40,4.25,81.6,0.96,36,16.97,0.96,12.66,1.2,22.8,13.2,0.01,0.14,108,6,0.08,0.24,14.4,0.16,0.05,9.6,8.4,0,0,34.8,0
41,,76.84,0.9,33.9,15.98,0.9,11.92,1.13,21.47,12.43,0.01,0.14,101.7,5.65,0.08,0.23,13.56,0.15,0.05,9.04,7.91,0,0,32.77,0
42,1,10.2,0.12,4.5,2.12,0.12,1.58,0.15,2.85,1.65,0,0.02,13.5,0.75,0.01,0.03,1.8,0.02,0.01,1.2,1.05,0,0,4.35,2
43,4,88.14,0.56,15.82,19.66,0.56,4.46,1.24,22.6,33.9,0.01,0.29,113,11.3,0.02,0.11,15.71,0.09,0.02,4.52,4.52,0,0,1.13,0
44,4,88.14,0.56,15.82,19.66,0.56,4.46,1.24,22.6,33.9,0.01,0.29,113,11.3,0.02,0.11,15.71,0.09,0.02,4.52,4.52,0,0,1.13,0
45,4.25,93.6,0.6,16.8,20.88,0.6,4.74,1.32,24,36,0.01,0.31,120,12,0.02,0.12,16.68,0.1,0.02,4.8,4.8,0,0,1.2,0
46,,88.14,0.56,15.82,19.66,0.56,4.46,1.24,22.6,33.9,0.01,0.29,113,11.3,0.02,0.11,15.71,0.09,0.02,4.52,4.52,0,0,1.13,0
47,1,11.7,0.08,2.1,2.61,0.08,0.59,0.16,3,4.5,0,0.04,15,1.5,0,0.02,2.08,0.01,0,0.6,0.6,0,0,0.15,3
48,4,87.01,0.79,15.82,19.27,0.45,15.39,0.56,46.33,28.25,0,0.16,70.06,14.69,0.45,15.03,14.01,0.45,0.03,25.99,0,0,0,4.52,0
49,,87.01,0.79,15.82,19.27,0.45,15.39,0.56,46.33,28.25,0,0.16,70.06,14.69,0.45,15.03,14.01,0.45,0.03,25.99,0,0,0,4.52,0
50,1,11.55,0.1,2.1,2.56,0.06,2.04,0.08,6.15,3.75,0,0.02,9.3,1.95,0.06,2,1.86,0.06,0,3.45,0,0,0,0.6,0
51,,117.3,0.34,25.5,31.28,0.51,28.87,0.34,443.7,8.5,0.01,0.05,56.1,3.4,0.02,0.34,1.87,0.02,0.09,246.5,0,0,0,17,0
52,1,19.56,0.06,4.25,5.22,0.09,4.81,0.06,73.99,1.42,0,0.01,9.36,0.57,0,0.06,0.31,0,0.01,41.11,0,0,0,2.84,0
53,,76.84,0.34,18.08,20.11,0.34,10.34,0.23,294.93,5.65,0.01,0.05,38.42,2.26,0.01,0.23,1.24,0.01,0.06,163.85,0,0,0,11.3,0
54,1,19.28,0.09,4.54,5.05,0.09,2.59,0.06,73.99,1.42,0,0.01,9.64,0.57,0,0.06,0.31,0,0.01,41.11,0,0,0,2.84,1
55,1,196.94,2.24,59.54,40.26,0.46,27.94,4.03,107.63,123.66,0.03,0.69,155.72,11.45,0.21,0,0.92,0.07,0.02,2.29,2.29,2.29,0,87.02,0
56,,146.2,1.67,44.2,29.89,0.34,20.74,2.99,79.9,91.8,0.02,0.51,115.6,8.5,0.15,0,0.68,0.05,0.02,1.7,1.7,1.7,0,64.6,0
57,6,146.2,1.67,44.2,29.89,0.34,20.74,2.99,79.9,91.8,0.02,0.51,115.6,8.5,0.15,0,0.68,0.05,0.02,1.7,1.7,1.7,0,64.6,0
58,6,146.2,1.67,44.2,29.89,0.34,20.74,2.99,79.9,91.8,0.02,0.51,115.6,8.5,0.15,0,0.68,0.05,0.02,1.7,1.7,1.7,0,64.6,0
59,6,146.2,1.67,44.2,29.89,0.34,20.74,2.99,79.9,91.8,0.02,0.51,115.6,8.5,0.15,0,0.68,0.05,0.02,1.7,1.7,1.7,0,64.6,0
60,1,24.38,0.28,7.37,4.98,0.06,3.46,0.5,13.32,15.31,0,0.09,19.28,1.42,0.03,0,0.11,0.01,0,0.28,0.28,0.28,0,10.77,1
61,1,12.04,0.14,3.64,2.46,0.03,1.71,0.25,6.58,7.56,0,0.04,9.52,0.7,0.01,0,0.06,0,0,0.14,0.14,0.14,0,5.32,2
62,1,194.65,4.58,64.12,36.64,0,26.34,3.66,146.56,125.95,0.03,0.64,151.14,11.45,0.53,0,1.83,0.05,0.11,4.58,2.29,2.29,0,18.32,0
63,,96.05,2.26,31.64,18.08,0,13,1.81,72.32,62.15,0.01,0.32,74.58,5.65,0.26,0,0.9,0.02,0.06,2.26,1.13,1.13,0,9.04,0
64,4,96.05,2.26,31.64,18.08,0,13,1.81,72.32,62.15,0.01,0.32,74.58,5.65,0.26,0,0.9,0.02,0.06,2.26,1.13,1.13,0,9.04,0
65,4,96.05,2.26,31.64,18.08,0,13,1.81,72.32,62.15,0.01,0.32,74.58,5.65,0.26,0,0.9,0.02,0.06,2.26,1.13,1.13,0,9.04,0
66,4,96.05,2.26,31.64,18.08,0,13,1.81,72.32,62.15,0.01,0.32,74.58,5.65,0.26,0,0.9,0.02,0.06,2.26,1.13,1.13,0,9.04,0
67,1,24.1,0.57,7.94,4.54,0,3.26,0.45,18.14,15.59,0,0.08,18.71,1.42,0.07,0,0.23,0.01,0.01,0.57,0.28,0.28,0,2.27,1
68,1,11.9,0.28,3.92,2.24,0,1.61,0.22,8.96,7.7,0,0.04,9.24,0.7,0.03,0,0.11,0,0.01,0.28,0.14,0.14,0,1.12,2
69,,134.3,0.27,5.1,32.79,2.38,30.41,0.34,30.6,5.1,0.02,0.05,113.9,6.8,0.07,0.85,30.6,0.03,0.05,13.6,0,10.2,0,0,0
70,1,22.4,0.05,0.85,5.47,0.4,5.07,0.06,5.1,0.85,0,0.01,18.99,1.13,0.01,0.14,5.1,0,0.01,2.27,0,1.7,0,0,0
71,,84.75,0.45,18.08,22.31,1.58,20.22,0.23,55.37,5.65,0.01,0.01,37.29,2.26,0.05,0.56,24.18,0.01,0.07,23.73,0,18.08,0,0,0
72,1,21.26,0.11,4.54,5.6,0.4,5.07,0.06,13.89,1.42,0,0,9.36,0.57,0.01,0.14,6.07,0,0.02,5.95,0,4.54,0,0,0
73,,107.1,0,22.1,29.24,1.02,20.4,0.51,224.4,15.3,0.04,0.08,161.5,8.5,0.49,2.55,5.1,0.06,0.05,108.8,3.4,45.9,0,0,0
74,6,107.1,0,22.1,29.24,1.02,20.4,0.51,224.4,15.3,0.04,0.08,161.5,8.5,0.49,2.55,5.1,0.06,0.05,108.8,3.4,45.9,0,0,0
75,6,107.1,0,22.1,29.24,1.02,20.4,0.51,224.4,15.3,0.04,0.08,161.5,8.5,0.49,2.55,5.1,0.06,0.05,108.8,3.4,45.9,0,0,0
76,1,17.86,0,3.69,4.88,0.17,3.4,0.09,37.42,2.55,0.01,0.01,26.93,1.42,0.08,0.43,0.85,0.01,0.01,18.14,0.57,7.65,0,0,1
77,1,9.45,0,1.95,2.58,0.09,1.8,0.04,19.8,1.35,0,0.01,14.25,0.75,0.04,0.22,0.45,0,0,9.6,0.3,4.05,0,0,2
78,,66.67,0,15.82,18.08,0.68,14.24,0.34,149.16,10.17,0.02,0.05,106.22,5.65,0.33,1.7,2.82,0.04,0.03,72.32,2.26,30.51,0,0,0
79,4,66.67,0,15.82,18.08,0.68,14.24,0.34,149.16,10.17,0.02,0.05,106.22,5.65,0.33,1.7,2.82,0.04,0.03,72.32,2.26,30.51,0,0,0
80,4.25,70.8,0,16.8,19.2,0.72,15.12,0.36,158.4,10.8,0.02,0.05,112.8,6,0.35,1.8,3,0.04,0.04,76.8,2.4,32.4,0,0,0
81,1,16.73,0,3.97,4.54,0.17,3.57,0.09,37.42,2.55,0,0.01,26.65,1.42,0.08,0.43,0.71,0.01,0.01,18.14,0.57,7.65,0,0,1
82,1,8.85,0,2.1,2.4,0.09,1.89,0.04,19.8,1.35,0,0.01,14.1,0.75,0.04,0.22,0.38,0.01,0,9.6,0.3,4.05,0,0,2
83,,90.4,1.02,22.6,20,0.68,0,1.24,129.95,36.16,0.05,0.19,97.18,5.65,0,0,10.28,0.03,0.06,0,0,0,0,3.39,3
84,1,22.68,0.26,5.67,5.02,0.17,0,0.31,32.6,9.07,0.01,0.05,24.38,1.42,0,0,2.58,0.01,0.01,0,0,0,0,0.85,3
85,,91.53,0.34,21.47,22.94,0.79,11.62,1.47,45.2,35.03,0.04,0.23,91.53,10.17,0,0,30.74,0.05,0.03,0,0,0,0,0,0
86,4,91.53,0.34,21.47,22.94,0.79,11.62,1.47,45.2,35.03,0.04,0.23,91.53,10.17,0,0,30.74,0.05,0.03,0,0,0,0,0,0
87,1,22.96,0.09,5.39,5.76,0.2,2.91,0.37,11.34,8.79,0.01,0.06,22.96,2.55,0,0,7.71,0.01,0.01,0,0,0,0,0,1
88,1,12.15,0.04,2.85,3.04,0.1,1.54,0.2,6,4.65,0.01,0.03,12.15,1.35,0,0,4.08,0.01,0,0,0,0,0,0,2
89,,147.4,0,19.8,40.26,1.54,26.16,0.66,303.6,8.8,0.02,0.07,123.2,4.4,0.68,2.42,45.1,0.02,0.43,149.6,0,61.6,0,0,0
90,6,113.9,0,15.3,31.11,1.19,20.21,0.51,234.6,6.8,0.02,0.05,95.2,3.4,0.53,1.87,34.85,0.01,0.33,115.6,0,47.6,0,0,0
91,1,18.99,0,2.55,5.19,0.2,3.37,0.09,39.12,1.13,0,0.01,15.88,0.57,0.09,0.31,5.81,0,0.06,19.28,0,7.94,0,0,1
92,1,10.05,0,1.35,2.74,0.1,1.78,0.04,20.7,0.6,0,0,8.4,0.3,0.05,0.16,3.08,0,0.03,10.2,0,4.2,0,0,2
93,,73.45,0,7.91,20.11,0.79,12,0.34,155.94,4.52,0.01,0.34,61.02,2.26,0.35,1.24,23.16,0.01,0.21,77.97,0,31.64,0,0,0
94,4,73.45,0,7.91,20.11,0.79,12,0.34,155.94,4.52,0.01,0.34,61.02,2.26,0.35,1.24,23.16,0.01,0.21,77.97,0,31.64,0,0,0
95,4,73.45,0,7.91,20.11,0.79,12,0.34,155.94,4.52,0.01,0.34,61.02,2.26,0.35,1.24,23.16,0.01,0.21,77.97,0,31.64,0,0,0
96,1,18.43,0,1.98,5.05,0.2,3.01,0.09,39.12,1.13,0,0.09,15.31,0.57,0.09,0.31,5.81,0,0.05,19.56,0,7.94,0,0,1
97,1,9.75,0,1.05,2.67,0.1,1.59,0.04,20.7,0.6,0,0.04,8.1,0.3,0.05,0.16,3.08,0,0.03,10.35,0,4.2,0,0,2
98,4,85.88,0.2,15.82,19.89,0.45,7.49,1.02,3.39,30.51,0.01,0.2,115.26,14.69,0,0,13.22,0.02,0.05,0,0,0,0,4.52,0
99,4,85.88,0.2,15.82,19.89,0.45,7.49,1.02,3.39,30.51,0.01,0.2,115.26,14.69,0,0,13.22,0.02,0.05,0,0,0,0,4.52,0
100,4,85.88,0.2,15.82,19.89,0.45,7.49,1.02,3.39,30.51,0.01,0.2,115.26,14.69,0,0,13.22,0.02,0.05,0,0,0,0,4.52,0
101,,85.88,0.2,15.82,19.89,0.45,7.49,1.02,3.39,30.51,0.01,0.2,115.26,14.69,0,0,13.22,0.02,0.05,0,0,0,0,4.52,0
102,1,11.4,0.03,2.1,2.64,0.06,0.99,0.14,0.45,4.05,0,0.03,15.3,1.95,0,0,1.76,0,0.01,0,0,0,0,0.6,3
103,,67.8,0,7.91,18.53,0,0,0.23,22.6,11.3,0.01,0.06,65.54,5.65,0,0,21.24,0.04,0.03,0,0,0,0,0,3
104,1,17.01,0,1.98,4.65,0,0,0.06,5.67,2.84,0,0.01,16.44,1.42,0,0,5.33,0.01,0.01,0,0,0,0,0,3
105,,73.45,1.56,13.56,12.28,2.03,8.93,2.44,33.9,20.34,0.02,0.41,107.35,6.78,0.08,0.68,0.23,0.09,0.05,14.69,0,11.3,0,5.65,0
106,4,73.45,1.56,13.56,12.28,2.03,8.93,2.44,33.9,20.34,0.02,0.41,107.35,6.78,0.08,0.68,0.23,0.09,0.05,14.69,0,11.3,0,5.65,0
107,4,73.45,1.56,13.56,12.28,2.03,8.93,2.44,33.9,20.34,0.02,0.41,107.35,6.78,0.08,0.68,0.23,0.09,0.05,14.69,0,11.3,0,5.65,0
108,4,73.45,1.56,13.56,12.28,2.03,8.93,2.44,33.9,20.34,0.02,0.41,107.35,6.78,0.08,0.68,0.23,0.09,0.05,14.69,0,11.3,0,5.65,0
109,1,18.43,0.39,3.4,3.08,0.51,2.24,0.61,8.51,5.1,0.01,0.1,26.93,1.7,0.02,0.17,0.06,0.02,0.01,3.69,0,2.84,0,1.42,1
110,,139.4,4.93,606.9,14.96,0,0,8.5,853.4,18.7,0.03,1.56,204,13.6,0,0,6.63,0.24,0.09,0,0,0,0,0,3
111,1,23.25,0.82,101.21,2.49,0,0,1.42,142.32,3.12,0,0.26,34.02,2.27,0,0,1.11,0.04,0.02,0,0,0,0,0,3
112,,130.9,3.57,771.8,17,0,0,7.14,1977.1,30.6,0.12,1.19,207.4,18.7,0,0,3.23,0.12,0.16,0,0,0,0,0,3
113,1,21.83,0.6,128.71,2.84,0,0,1.19,329.71,5.1,0.02,0.2,34.59,3.12,0,0,0.54,0.02,0.03,0,0,0,0,0,3
114,,96.9,3.23,28.9,12.58,1.87,2.46,4.25,1115.2,13.6,0.05,0.68,78.2,11.9,0.8,7.82,2.38,0.05,0.05,544,248.2,0,1751,13.6,1
115,6,96.9,3.23,28.9,12.58,1.87,2.46,4.25,1115.2,13.6,0.05,0.68,78.2,11.9,0.8,7.82,2.38,0.05,0.05,544,248.2,0,1751,13.6,1
116,6,96.9,3.23,28.9,12.58,1.87,2.46,4.25,1115.2,13.6,0.05,0.68,78.2,11.9,0.8,7.82,2.38,0.05,0.05,544,248.2,0,1751,13.6,1
117,6,96.9,3.23,28.9,12.58,1.87,2.46,4.25,1115.2,13.6,0.05,0.68,78.2,11.9,0.8,7.82,2.38,0.05,0.05,544,248.2,0,1751,13.6,1
118,1,16.16,0.54,4.82,2.1,0.31,0.41,0.71,185.98,2.27,0.01,0.11,13.04,1.98,0.13,1.3,0.4,0.01,0.01,90.72,41.39,0,292,2.27,3
119,1,9.12,0.3,2.72,1.18,0.18,0.23,0.4,104.96,1.28,0,0.06,7.36,1.12,0.08,0.74,0.22,0,0.01,51.2,23.36,0,164.8,1.28,3
120,,71.19,2.55,16.95,9.24,1.47,1.6,2.76,809.08,11.3,0.04,0.68,98.31,11.3,0.35,1.81,0.11,0.04,0.06,395.5,179.67,0,537.88,9.04,1
121,4,71.19,2.55,16.95,9.24,1.47,1.6,2.76,809.08,11.3,0.04,0.68,98.31,11.3,0.35,1.81,0.11,0.04,0.06,395.5,179.67,0,537.88,9.04,1
122,4,71.19,2.55,16.95,9.24,1.47,1.6,2.76,809.08,11.3,0.04,0.68,98.31,11.3,0.35,1.81,0.11,0.04,0.06,395.5,179.67,0,537.88,9.04,1
123,4,71.19,2.55,16.95,9.24,1.47,1.6,2.76,809.08,11.3,0.04,0.68,98.31,11.3,0.35,1.81,0.11,0.04,0.06,395.5,179.67,0,537.88,9.04,1
124,1,17.86,0.64,4.25,2.32,0.37,0.4,0.69,202.99,2.84,0.01,0.17,24.66,2.84,0.09,0.45,0.03,0.01,0.01,99.22,45.08,0,134.95,2.27,3
125,1,10.08,0.36,2.4,1.31,0.21,0.23,0.39,114.56,1.6,0.01,0.1,13.92,1.6,0.05,0.26,0.02,0.01,0.01,56,25.44,0,76.16,1.28,3
126,,86.7,2.04,586.5,9.35,1.87,2.36,8.67,2803.3,15.3,0.02,1.48,241.4,18.7,0.85,4.25,5.1,0.13,0.12,1387.2,588.2,0,4377.5,22.1,1
127,6,86.7,2.04,586.5,9.35,1.87,2.36,8.67,2803.3,15.3,0.02,1.48,241.4,18.7,0.85,4.25,5.1,0.13,0.12,1387.2,588.2,0,4377.5,22.1,1
128,1,14.46,0.34,97.81,1.56,0.31,0.39,1.45,467.49,2.55,0,0.25,40.26,3.12,0.14,0.71,0.85,0.02,0.02,231.34,98.09,0,730.01,3.69,3
129,4,108.48,7.83,25.99,7.19,2.03,2.44,2.29,5012.68,21.47,0.03,0.4,143.51,16.95,0.64,13.11,0,0.09,0.04,2446.45,1122.09,0,0,13.56,1
130,,47.46,1.66,21.47,3.65,2.6,1.13,4.44,514.15,46.33,0.02,0.68,190.97,13.56,0.97,69.27,21.47,0.1,0.05,303.97,6.78,0,0,6.78,2
131,4,47.46,1.66,21.47,3.65,2.6,1.13,4.44,514.15,46.33,0.02,0.68,190.97,13.56,0.97,69.27,21.47,0.1,0.05,303.97,6.78,0,0,6.78,2
132,4,47.46,1.66,21.47,3.65,2.6,1.13,4.44,514.15,46.33,0.02,0.68,190.97,13.56,0.97,69.27,21.47,0.1,0.05,303.97,6.78,0,0,6.78,2
133,1,11.91,0.42,5.39,0.92,0.65,0.28,1.11,128.99,11.62,0.01,0.17,47.91,3.4,0.24,17.38,5.39,0.02,0.01,76.26,1.7,0,0,1.7,3
134,6,112.2,2.89,316.2,15.11,1.02,1.39,6.46,3315,18.7,0.07,0.7,161.5,17,0.32,5.61,2.89,0.1,0.03,1618.4,732.7,0,0,47.6,2
135,,112.2,2.89,316.2,15.11,1.02,1.39,6.46,3315,18.7,0.07,0.7,161.5,17,0.32,5.61,2.89,0.1,0.03,1618.4,732.7,0,0,47.6,2
136,1,10.56,0.27,29.76,1.42,0.1,0.13,0.61,312,1.76,0.01,0.07,15.2,1.6,0.03,0.53,0.27,0.01,0,152.32,68.96,0,0,4.48,3
137,4,57.63,1.02,16.95,10.4,1.24,0.62,1.81,1322.1,20.34,0.01,0.28,67.8,9.04,0.12,2.03,1.13,0.03,0.03,645.23,293.8,0,0,11.3,3
138,,57.63,1.02,16.95,10.4,1.24,0.62,1.81,1322.1,20.34,0.01,0.28,67.8,9.04,0.12,2.03,1.13,0.03,0.03,645.23,293.8,0,0,11.3,3
139,4,57.63,1.02,16.95,10.4,1.24,0.62,1.81,1322.1,20.34,0.01,0.28,67.8,9.04,0.12,2.03,1.13,0.03,0.03,645.23,293.8,0,0,11.3,3
140,1,8.16,0.14,2.4,1.47,0.18,0.09,0.26,187.2,2.88,0,0.04,9.6,1.28,0.02,0.29,0.16,0,0,91.36,41.6,0,0,1.6,3
141,,93.5,2.01,132.6,14.94,1.53,1.82,4.03,2939.3,35.7,0.05,0.68,66.3,11.9,0.26,2.72,0.17,0.09,0.05,1428,666.4,0,0,15.3,2
142,6,93.5,2.01,132.6,14.94,1.53,1.82,4.03,2939.3,35.7,0.05,0.68,66.3,11.9,0.26,2.72,0.17,0.09,0.05,1428,666.4,0,0,15.3,2
143,6,93.5,2.01,132.6,14.94,1.53,1.82,4.03,2939.3,35.7,0.05,0.68,66.3,11.9,0.26,2.72,0.17,0.09,0.05,1428,666.4,0,0,15.3,2
144,6,93.5,2.01,132.6,14.94,1.53,1.82,4.03,2939.3,35.7,0.05,0.68,66.3,11.9,0.26,2.72,0.17,0.09,0.05,1428,666.4,0,0,15.3,2
145,1,15.59,0.33,22.11,2.49,0.26,0.3,0.67,490.17,5.95,0.01,0.11,11.06,1.98,0.04,0.45,0.03,0.01,0.01,238.14,111.13,0,0,2.55,3
146,1,8.8,0.19,12.48,1.41,0.14,0.17,0.38,276.64,3.36,0.01,0.06,6.24,1.12,0.02,0.26,0.02,0.01,0,134.4,62.72,0,0,1.44,3
147,,74.58,2.33,25.99,10.26,2.37,2.82,3.04,2465.66,30.51,0.05,0.62,157.07,15.82,0.24,2.15,0.11,0.07,0.08,1197.8,559.35,0,0,18.08,1
148,4,74.58,2.33,25.99,10.26,2.37,2.82,3.04,2465.66,30.51,0.05,0.62,157.07,15.82,0.24,2.15,0.11,0.07,0.08,1197.8,559.35,0,0,18.08,1
149,4,74.58,2.33,25.99,10.26,2.37,2.82,3.04,2465.66,30.51,0.05,0.62,157.07,15.82,0.24,2.15,0.11,0.07,0.08,1197.8,559.35,0,0,18.08,1
150,4,74.58,2.33,25.99,10.26,2.37,2.82,3.04,2465.66,30.51,0.05,0.62,157.07,15.82,0.24,2.15,0.11,0.07,0.08,1197.8,559.35,0,0,18.08,1
151,1,18.71,0.58,6.52,2.57,0.6,0.71,0.76,618.6,7.65,0.01,0.16,39.41,3.97,0.06,0.54,0.03,0.02,0.02,300.51,140.33,0,0,4.54,3
152,1,10.56,0.33,3.68,1.45,0.34,0.4,0.43,349.12,4.32,0.01,0.09,22.24,2.24,0.03,0.3,0.02,0.01,0.01,169.6,79.2,0,0,2.56,3
153,1,114.5,3.89,36.64,16.49,2.52,3.94,3.66,3169.36,84.73,0.04,0.5,151.14,11.45,1.17,15.8,2.29,0.08,0.64,1543.46,716.77,0,0,9.16,1
154,,56.5,1.92,18.08,8.14,1.24,1.94,1.81,1563.92,41.81,0.02,0.25,74.58,5.65,0.58,7.8,1.13,0.04,0.32,761.62,353.69,0,0,4.52,2
155,4,56.5,1.92,18.08,8.14,1.24,1.94,1.81,1563.92,41.81,0.02,0.25,74.58,5.65,0.58,7.8,1.13,0.04,0.32,761.62,353.69,0,0,4.52,2
156,4,56.5,1.92,18.08,8.14,1.24,1.94,1.81,1563.92,41.81,0.02,0.25,74.58,5.65,0.58,7.8,1.13,0.04,0.32,761.62,353.69,0,0,4.52,2
157,1,14.18,0.48,4.54,2.04,0.31,0.49,0.45,392.36,10.49,0,0.06,18.71,1.42,0.14,1.96,0.28,0.01,0.08,191.08,88.74,0,0,1.13,3
158,1,8,0.27,2.56,1.15,0.18,0.28,0.26,221.44,5.92,0,0.04,10.56,0.8,0.08,1.1,0.16,0.01,0.04,107.84,50.08,0,0,0.64,3
159,,132.6,6.29,340,10.88,1.02,2.86,8.84,1717,61.2,0.05,0.7,156.4,17,0.37,6.29,3.23,0.08,0.03,841.5,363.8,0,0,49.3,1
160,6.25,138.06,6.55,354,11.33,1.06,2.97,9.2,1787.7,63.72,0.05,0.73,162.84,17.7,0.39,6.55,3.36,0.08,0.04,876.15,378.78,0,0,51.33,1
161,1,22.11,1.05,56.7,1.81,0.17,0.48,1.47,286.33,10.21,0.01,0.12,26.08,2.84,0.06,1.05,0.54,0.01,0.01,140.33,60.67,0,0,8.22,3
162,1,12.48,0.59,32,1.02,0.1,0.27,0.83,161.6,5.76,0,0.07,14.72,1.6,0.04,0.59,0.3,0.01,0,79.2,34.24,0,0,4.64,3
163,,103.7,3.4,129.2,13.94,0.51,2.24,4.42,180.2,86.7,0.1,0.54,74.8,11.9,0.05,0.34,2.21,0.03,0.04,8.5,0,0,0,10.2,1
164,1,17.29,0.57,21.55,2.32,0.09,0.37,0.74,30.05,14.46,0.02,0.09,12.47,1.98,0.01,0.06,0.37,0,0.01,1.42,0,0,0,1.7,3
165,,75.71,2.38,98.31,10.11,0.79,1.44,3.55,97.18,74.58,0.04,0.45,75.71,9.04,0.03,0.23,0.11,0.04,0.02,5.65,0,0,0,7.91,2
166,1,18.99,0.6,24.66,2.54,0.2,0.36,0.89,24.38,18.71,0.01,0.11,18.99,2.27,0.01,0.06,0.03,0.01,0.01,1.42,0,0,0,1.98,3
167,,100.3,1.87,28.9,15.98,1.87,4.13,4.25,1174.7,23.8,0.08,0.61,122.4,11.9,1.38,11.39,2.55,0.08,0.07,574.6,261.8,0,425,6.8,1
168,6,100.3,1.87,28.9,15.98,1.87,4.13,4.25,1174.7,23.8,0.08,0.61,122.4,11.9,1.38,11.39,2.55,0.08,0.07,574.6,261.8,0,425,6.8,1
169,6,100.3,1.87,28.9,15.98,1.87,4.13,4.25,1174.7,23.8,0.08,0.61,122.4,11.9,1.38,11.39,2.55,0.08,0.07,574.6,261.8,0,425,6.8,1
170,1,16.73,0.31,4.82,2.66,0.31,0.69,0.71,195.9,3.97,0.01,0.1,20.41,1.98,0.23,1.9,0.43,0.01,0.01,95.82,43.66,0,70.88,1.13,3
171,1,9.44,0.18,2.72,1.5,0.18,0.39,0.4,110.56,2.24,0.01,0.06,11.52,1.12,0.13,1.07,0.24,0.01,0.01,54.08,24.64,0,40,0.64,3
172,,68.93,1.66,42.94,10.68,1.36,2.36,2.67,992.14,19.21,0.04,0.61,126.56,13.56,2.96,33.11,0.34,0.06,0.06,474.6,240.69,0,47.46,7.91,1
173,4,68.93,1.66,42.94,10.68,1.36,2.36,2.67,992.14,19.21,0.04,0.61,126.56,13.56,2.96,33.11,0.34,0.06,0.06,474.6,240.69,0,47.46,7.91,1
174,4,68.93,1.66,42.94,10.68,1.36,2.36,2.67,992.14,19.21,0.04,0.61,126.56,13.56,2.96,33.11,0.34,0.06,0.06,474.6,240.69,0,47.46,7.91,1
175,4,68.93,1.66,42.94,10.68,1.36,2.36,2.67,992.14,19.21,0.04,0.61,126.56,13.56,2.96,33.11,0.34,0.06,0.06,474.6,240.69,0,47.46,7.91,1
176,1,17.29,0.42,10.77,2.68,0.34,0.59,0.67,248.91,4.82,0.01,0.15,31.75,3.4,0.74,8.31,0.09,0.02,0.01,119.07,60.39,0,11.91,1.98,3
177,1,9.76,0.24,6.08,1.51,0.19,0.33,0.38,140.48,2.72,0.01,0.09,17.92,1.92,0.42,4.69,0.05,0.01,0.01,67.2,34.08,0,6.72,1.12,3
178,1,12.96,0.3,32.16,1.84,0.18,0.06,0.69,9.6,1.92,0.01,0.08,23.68,2.4,0.01,0.06,0.3,0.01,0,5.76,0,0,53.28,1.12,3
179,,56.1,0,15.3,13.43,0,0,1.7,4154.8,28.9,0.02,0.41,190.4,17,0,0,5.61,0.13,0.06,0,0,0,0,0,3
180,1,9.36,0,2.55,2.24,0,0,0.28,692.87,4.82,0,0.07,31.75,2.84,0,0,0.94,0.02,0.01,0,0,0,0,0,3
181,,46.33,0.11,9.04,10.74,0,0,1.36,3082.64,24.86,0.02,0.18,136.73,12.43,0,0,3.16,0.08,0.05,0,0,0,0,0,3
182,1,11.62,0.03,2.27,2.69,0,0,0.34,773.39,6.24,0,0.05,34.3,3.12,0,0,0.79,0.02,0.01,0,0,0,0,0,3
183,4,67.8,2.37,12.43,9.49,1.7,1.36,1.92,627.15,15.82,0.07,0.45,150.29,27.12,0.26,2.37,3.28,0.12,0.12,318.66,44.07,0,327.7,5.65,2
184,,115.6,2.33,127.5,19.41,1.87,4.62,4.37,2133.5,25.5,0.08,0.9,207.4,18.7,0.12,1.36,0.34,0.11,0.05,1021.7,516.8,0,0,8.5,0
185,6,115.6,2.33,127.5,19.41,1.87,4.62,4.37,2133.5,25.5,0.08,0.9,207.4,18.7,0.12,1.36,0.34,0.11,0.05,1021.7,516.8,0,0,8.5,0
186,6,115.6,2.33,127.5,19.41,1.87,4.62,4.37,2133.5,25.5,0.08,0.9,207.4,18.7,0.12,1.36,0.34,0.11,0.05,1021.7,516.8,0,0,8.5,0
187,6,115.6,2.33,127.5,19.41,1.87,4.62,4.37,2133.5,25.5,0.08,0.9,207.4,18.7,0.12,1.36,0.34,0.11,0.05,1021.7,516.8,0,0,8.5,0
188,1,19.28,0.39,21.26,3.24,0.31,0.77,0.73,355.79,4.25,0.01,0.15,34.59,3.12,0.02,0.23,0.06,0.02,0.01,170.38,86.18,0,0,1.42,3
189,1,10.88,0.22,12,1.83,0.18,0.44,0.41,200.8,2.4,0.01,0.08,19.52,1.76,0.01,0.13,0.03,0.01,0,96.16,48.64,0,0,0.8,3
190,,127.5,1.7,608.6,18.36,0,0,9.01,753.1,37.4,0.11,0.82,277.1,25.5,0,0,6.97,0.14,0.03,0,0,0,0,0,3
191,1,21.26,0.28,101.49,3.06,0,0,1.5,125.59,6.24,0.02,0.14,46.21,4.25,0,0,1.16,0.02,0.01,0,0,0,0,0,3
192,4,83.62,2.45,24.86,12.48,1.47,6.07,2.84,4879.34,33.9,0.02,0.42,226,14.69,0.66,1.47,0,0.15,0.09,2926.7,0,0,0,12.43,0
193,1,11.84,0.35,3.52,1.77,0.21,0.86,0.4,690.88,4.8,0,0.06,32,2.08,0.09,0.21,0,0.02,0.01,414.4,0,0,0,1.76,3
194,,95.2,1.56,136,16.27,1.7,2.12,4.03,3206.2,40.8,0.06,0.8,146.2,15.3,0.53,5.1,0.51,0.09,0.05,1575.9,697,0,1915.9,6.8,1
195,6,95.2,1.56,136,16.27,1.7,2.12,4.03,3206.2,40.8,0.06,0.8,146.2,15.3,0.53,5.1,0.51,0.09,0.05,1575.9,697,0,1915.9,6.8,1
196,6,95.2,1.56,136,16.27,1.7,2.12,4.03,3206.2,40.8,0.06,0.8,146.2,15.3,0.53,5.1,0.51,0.09,0.05,1575.9,697,0,1915.9,6.8,1
197,6,95.2,1.56,136,16.27,1.7,2.12,4.03,3206.2,40.8,0.06,0.8,146.2,15.3,0.53,5.1,0.51,0.09,0.05,1575.9,697,0,1915.9,6.8,1
198,1,15.88,0.26,22.68,2.71,0.28,0.35,0.67,534.68,6.8,0.01,0.13,24.38,2.55,0.09,0.85,0.09,0.01,0.01,262.8,116.24,0,319.5,1.13,3
199,1,8.96,0.15,12.8,1.53,0.16,0.2,0.38,301.76,3.84,0.01,0.08,13.76,1.44,0.05,0.48,0.05,0.01,0,148.32,65.6,0,180.32,0.64,3
200,,58.76,1.4,22.6,8.97,1.02,1.88,2.57,1832.86,20.34,0.02,0.45,102.83,9.04,0.16,1.7,0.23,0.06,0.03,891.57,415.84,0,0,5.65,2
201,4,58.76,1.4,22.6,8.97,1.02,1.88,2.57,1832.86,20.34,0.02,0.45,102.83,9.04,0.16,1.7,0.23,0.06,0.03,891.57,415.84,0,0,5.65,2
202,4,58.76,1.4,22.6,8.97,1.02,1.88,2.57,1832.86,20.34,0.02,0.45,102.83,9.04,0.16,1.7,0.23,0.06,0.03,891.57,415.84,0,0,5.65,2
203,4,58.76,1.4,22.6,8.97,1.02,1.88,2.57,1832.86,20.34,0.02,0.45,102.83,9.04,0.16,1.7,0.23,0.06,0.03,891.57,415.84,0,0,5.65,2
204,1,14.74,0.35,5.67,2.25,0.26,0.47,0.64,459.84,5.1,0.01,0.11,25.8,2.27,0.04,0.43,0.06,0.01,0.01,223.68,104.33,0,0,1.42,3
205,1,8.32,0.2,3.2,1.27,0.14,0.27,0.36,259.52,2.88,0,0.06,14.56,1.28,0.02,0.24,0.03,0.01,0,126.24,58.88,0,0,0.8,3
206,1,181.76,7.55,125.44,22.55,4.35,4.53,4.92,5847.04,35.84,0.08,0.77,296.96,25.6,1.31,23.3,0.77,0.15,0.1,2846.72,1318.4,0,2.56,10.24,0
207,,80.23,3.33,55.37,9.96,1.92,2,2.17,2580.92,15.82,0.04,0.34,131.08,11.3,0.58,10.28,0.34,0.07,0.05,1256.56,581.95,0,1.13,4.52,2
208,4,80.23,3.33,55.37,9.96,1.92,2,2.17,2580.92,15.82,0.04,0.34,131.08,11.3,0.58,10.28,0.34,0.07,0.05,1256.56,581.95,0,1.13,4.52,2
209,4,80.23,3.33,55.37,9.96,1.92,2,2.17,2580.92,15.82,0.04,0.34,131.08,11.3,0.58,10.28,0.34,0.07,0.05,1256.56,581.95,0,1.13,4.52,2
210,1,20.13,0.84,13.89,2.5,0.48,0.5,0.54,647.51,3.97,0.01,0.09,32.89,2.84,0.14,2.58,0.09,0.02,0.01,315.25,146,0,0.28,1.13,3
211,1,11.36,0.47,7.84,1.41,0.27,0.28,0.31,365.44,2.24,0.01,0.05,18.56,1.6,0.08,1.46,0.05,0.01,0.01,177.92,82.4,0,0.16,0.64,3
212,1,158.72,4.74,192,23.04,3.58,3.46,5.89,6512.64,30.72,0.07,1.28,312.32,28.16,1.08,6.91,0.77,0.18,0.1,3189.76,1438.72,0,3737.6,20.48,1
213,,105.4,3.14,127.5,15.3,2.38,2.3,3.91,4324.8,20.4,0.05,0.85,207.4,18.7,0.71,4.59,0.51,0.12,0.07,2118.2,955.4,0,2482,13.6,1
214,6,105.4,3.14,127.5,15.3,2.38,2.3,3.91,4324.8,20.4,0.05,0.85,207.4,18.7,0.71,4.59,0.51,0.12,0.07,2118.2,955.4,0,2482,13.6,1
215,6,105.4,3.14,127.5,15.3,2.38,2.3,3.91,4324.8,20.4,0.05,0.85,207.4,18.7,0.71,4.59,0.51,0.12,0.07,2118.2,955.4,0,2482,13.6,1
216,6,105.4,3.14,127.5,15.3,2.38,2.3,3.91,4324.8,20.4,0.05,0.85,207.4,18.7,0.71,4.59,0.51,0.12,0.07,2118.2,955.4,0,2482,13.6,1
217,1,17.58,0.52,21.26,2.55,0.4,0.38,0.65,721.22,3.4,0.01,0.14,34.59,3.12,0.12,0.77,0.09,0.02,0.01,353.24,159.33,0,413.91,2.27,3
218,1,9.92,0.3,12,1.44,0.22,0.22,0.37,407.04,1.92,0,0.08,19.52,1.76,0.07,0.43,0.05,0.01,0.01,199.36,89.92,0,233.6,1.28,3
219,1,161.28,6.22,48.64,19.71,5.63,4.71,6.63,7477.76,43.52,0.09,1.43,404.48,38.4,0.61,6.4,0.51,0.18,0.2,3637.76,1697.28,0,0,15.36,0
220,,71.19,2.75,21.47,8.7,2.49,2.08,2.93,3300.73,19.21,0.04,0.63,178.54,16.95,0.27,2.82,0.23,0.08,0.09,1605.73,749.19,0,0,6.78,2
221,4,71.19,2.75,21.47,8.7,2.49,2.08,2.93,3300.73,19.21,0.04,0.63,178.54,16.95,0.27,2.82,0.23,0.08,0.09,1605.73,749.19,0,0,6.78,2
222,4.5,80.64,3.11,24.32,9.86,2.82,2.36,3.32,3738.88,21.76,0.04,0.72,202.24,19.2,0.31,3.2,0.26,0.09,0.1,1818.88,848.64,0,0,7.68,1
223,4,71.19,2.75,21.47,8.7,2.49,2.08,2.93,3300.73,19.21,0.04,0.63,178.54,16.95,0.27,2.82,0.23,0.08,0.09,1605.73,749.19,0,0,6.78,2
224,4,71.19,2.75,21.47,8.7,2.49,2.08,2.93,3300.73,19.21,0.04,0.63,178.54,16.95,0.27,2.82,0.23,0.08,0.09,1605.73,749.19,0,0,6.78,2
225,1,17.86,0.69,5.39,2.18,0.62,0.52,0.73,828.1,4.82,0.01,0.16,44.79,4.25,0.07,0.71,0.06,0.02,0.02,402.85,187.96,0,0,1.7,3
226,1,10.08,0.39,3.04,1.23,0.35,0.29,0.41,467.36,2.72,0.01,0.09,25.28,2.4,0.04,0.4,0.03,0.01,0.01,227.36,106.08,0,0,0.96,3
227,1,135.68,2.87,194.56,22.17,2.82,3.74,5.22,6686.72,69.12,0.06,0.77,212.48,20.48,0.41,5.38,0.51,0.12,0.05,3251.2,1515.52,0,0,17.92,1
228,,90.1,1.9,129.2,14.72,1.87,2.48,3.47,4440.4,45.9,0.04,0.51,141.1,13.6,0.27,3.57,0.34,0.08,0.03,2159,1006.4,0,0,11.9,1
229,6,90.1,1.9,129.2,14.72,1.87,2.48,3.47,4440.4,45.9,0.04,0.51,141.1,13.6,0.27,3.57,0.34,0.08,0.03,2159,1006.4,0,0,11.9,1
230,6,90.1,1.9,129.2,14.72,1.87,2.48,3.47,4440.4,45.9,0.04,0.51,141.1,13.6,0.27,3.57,0.34,0.08,0.03,2159,1006.4,0,0,11.9,1
231,1,15.03,0.32,21.55,2.46,0.31,0.41,0.58,740.5,7.65,0.01,0.09,23.53,2.27,0.05,0.6,0.06,0.01,0.01,360.04,167.83,0,0,1.98,3
232,1,8.48,0.18,12.16,1.39,0.18,0.23,0.33,417.92,4.32,0,0.05,13.28,1.28,0.03,0.34,0.03,0.01,0,203.2,94.72,0,0,1.12,3
233,,81.6,1.36,88.4,13.6,0,0,3.57,1122,23.8,0.07,0.56,79.9,11.9,0,0,1.36,0.08,0.05,0,0,0,0,0,3
234,1,13.61,0.23,14.74,2.27,0,0,0.6,187.11,3.97,0.01,0.09,13.32,1.98,0,0,0.23,0.01,0.01,0,0,0,0,0,3
235,,54.24,1.02,55.37,8.7,0,0,2.26,470.08,15.82,0.06,0.45,51.98,6.78,0.27,0,0.9,0.05,0.03,0,0,0,0,0,3
236,1,13.61,0.26,13.89,2.18,0,0,0.57,117.94,3.97,0.01,0.11,13.04,1.7,0.07,0,0.23,0.01,0.01,0,0,0,0,0,3
237,1,153.6,4.84,222.72,22.14,2.56,2.53,5.17,7352.32,35.84,0.08,0.77,248.32,20.48,0.79,6.91,2.82,0.12,0.08,3586.56,1651.2,0,1753.6,7.68,1
238,,102,3.21,147.9,14.7,1.7,1.68,3.43,4882.4,23.8,0.05,0.51,164.9,13.6,0.53,4.59,1.87,0.08,0.05,2381.7,1096.5,0,1164.5,5.1,2
239,6,102,3.21,147.9,14.7,1.7,1.68,3.43,4882.4,23.8,0.05,0.51,164.9,13.6,0.53,4.59,1.87,0.08,0.05,2381.7,1096.5,0,1164.5,5.1,2
240,6,102,3.21,147.9,14.7,1.7,1.68,3.43,4882.4,23.8,0.05,0.51,164.9,13.6,0.53,4.59,1.87,0.08,0.05,2381.7,1096.5,0,1164.5,5.1,2
241,1,17.01,0.54,24.66,2.45,0.28,0.28,0.57,814.21,3.97,0.01,0.09,27.5,2.27,0.09,0.77,0.31,0.01,0.01,397.18,182.86,0,194.2,0.85,3
242,1,9.6,0.3,13.92,1.38,0.16,0.16,0.32,459.52,2.24,0.01,0.05,15.52,1.28,0.05,0.43,0.18,0.01,0,224.16,103.2,0,109.6,0.48,3
243,1,151.04,5.48,40.96,19.97,4.1,3.51,5.61,7352.32,40.96,0.09,0.82,360.96,30.72,0.79,6.91,4.1,0.18,0.18,3586.56,1651.2,0,1753.6,12.8,1
244,,66.67,2.42,18.08,8.81,1.81,1.55,2.47,3245.36,18.08,0.04,0.36,159.33,13.56,0.35,3.05,1.81,0.08,0.08,1583.13,728.85,0,774.05,5.65,2
245,4,66.67,2.42,18.08,8.81,1.81,1.55,2.47,3245.36,18.08,0.04,0.36,159.33,13.56,0.35,3.05,1.81,0.08,0.08,1583.13,728.85,0,774.05,5.65,2
246,4,66.67,2.42,18.08,8.81,1.81,1.55,2.47,3245.36,18.08,0.04,0.36,159.33,13.56,0.35,3.05,1.81,0.08,0.08,1583.13,728.85,0,774.05,5.65,2
247,4,66.67,2.42,18.08,8.81,1.81,1.55,2.47,3245.36,18.08,0.04,0.36,159.33,13.56,0.35,3.05,1.81,0.08,0.08,1583.13,728.85,0,774.05,5.65,2
248,1,16.73,0.61,4.54,2.21,0.45,0.39,0.62,814.21,4.54,0.01,0.09,39.97,3.4,0.09,0.77,0.45,0.02,0.02,397.18,182.86,0,194.2,1.42,3
249,1,9.44,0.34,2.56,1.25,0.26,0.22,0.35,459.52,2.56,0.01,0.05,22.56,1.92,0.05,0.43,0.26,0.01,0.01,224.16,103.2,0,109.6,0.8,3
250,,86.7,2.89,22.1,12.07,1.87,1.6,3.57,2521.1,22.1,0.04,0.37,161.5,11.9,0.41,0,2.89,0.07,0.05,0,0,0,0,8.5,2
251,1,14.46,0.48,3.69,2.01,0.31,0.27,0.6,420.43,3.69,0.01,0.06,26.93,1.98,0.07,0,0.48,0.01,0.01,0,0,0,0,1.42,3
252,1,133.12,5.12,51.2,17.66,2.82,2.41,5.12,5107.2,30.72,0.05,0.56,240.64,17.92,0.61,5.89,3.07,0.12,0.07,2498.56,1134.08,0,2424.32,15.36,1
253,,58.76,2.26,22.6,7.8,1.24,1.06,2.26,2254.35,13.56,0.02,0.25,106.22,7.91,0.27,2.6,1.36,0.05,0.03,1102.88,500.59,0,1070.11,6.78,2
254,4,58.76,2.26,22.6,7.8,1.24,1.06,2.26,2254.35,13.56,0.02,0.25,106.22,7.91,0.27,2.6,1.36,0.05,0.03,1102.88,500.59,0,1070.11,6.78,2
255,4,58.76,2.26,22.6,7.8,1.24,1.06,2.26,2254.35,13.56,0.02,0.25,106.22,7.91,0.27,2.6,1.36,0.05,0.03,1102.88,500.59,0,1070.11,6.78,2
256,1,14.74,0.57,5.67,1.96,0.31,0.27,0.57,565.58,3.4,0.01,0.06,26.65,1.98,0.07,0.65,0.34,0.01,0.01,276.7,125.59,0,268.47,1.7,3
257,1,8.32,0.32,3.2,1.1,0.18,0.15,0.32,319.2,1.92,0,0.04,15.04,1.12,0.04,0.37,0.19,0.01,0,156.16,70.88,0,151.52,0.96,3
258,,88.4,2.55,28.9,12.92,1.87,0,3.06,1689.8,54.4,0.04,0.51,124.1,15.3,0,0,1.36,0.03,0.04,0,0,0,0,0,3
259,1,14.74,0.43,4.82,2.15,0.31,0,0.51,281.8,9.07,0.01,0.09,20.7,2.55,0,0,0.23,0.01,0.01,0,0,0,0,0,3
260,,49.72,1.36,23.73,7.68,1.24,0,1.36,1119.83,36.16,0.02,0.31,71.19,9.04,0,0,0.9,0.02,0.02,0,0,0,0,0,3
261,1,12.47,0.34,5.95,1.93,0.31,0,0.34,280.95,9.07,0.01,0.08,17.86,2.27,0,0,0.23,0,0.01,0,0,0,0,0,3
262,1,135.68,4.45,227.84,19.33,2.3,3.48,4.4,11072,40.96,0.06,0.77,250.88,23.04,0.79,12.29,1.02,0.13,0.05,5393.92,2498.56,0,0,10.24,1
263,,90.1,2.96,151.3,12.84,1.53,2.31,2.92,7352.5,27.2,0.04,0.51,166.6,15.3,0.53,8.16,0.68,0.09,0.03,3581.9,1659.2,0,0,6.8,1
264,6,90.1,2.96,151.3,12.84,1.53,2.31,2.92,7352.5,27.2,0.04,0.51,166.6,15.3,0.53,8.16,0.68,0.09,0.03,3581.9,1659.2,0,0,6.8,1
265,1,15.03,0.49,25.23,2.14,0.26,0.39,0.49,1226.14,4.54,0.01,0.09,27.78,2.55,0.09,1.36,0.11,0.01,0.01,597.33,276.7,0,0,1.13,3
266,1,8.48,0.28,14.24,1.21,0.14,0.22,0.28,692,2.56,0,0.05,15.68,1.44,0.05,0.77,0.06,0.01,0,337.12,156.16,0,0,0.64,3
267,1,122.88,2.3,51.2,19.51,3.84,3.94,5.94,11253.76,69.12,0.05,1.79,261.12,33.28,0.77,9.98,1.79,0.11,0.23,5475.84,2554.88,0,0,10.24,1
268,,54.24,1.02,22.6,8.61,1.7,1.74,2.62,4967.48,30.51,0.02,0.79,115.26,14.69,0.34,4.41,0.79,0.05,0.1,2417.07,1127.74,0,0,4.52,2
269,4.5,54.24,1.02,22.6,8.61,1.7,1.74,2.62,4967.48,30.51,0.02,0.79,115.26,14.69,0.34,4.41,0.79,0.05,0.1,2417.07,1127.74,0,0,4.52,2
270,4,54.24,1.02,22.6,8.61,1.7,1.74,2.62,4967.48,30.51,0.02,0.79,115.26,14.69,0.34,4.41,0.79,0.05,0.1,2417.07,1127.74,0,0,4.52,2
271,1,13.61,0.26,5.67,2.16,0.43,0.44,0.66,1246.27,7.65,0.01,0.2,28.92,3.69,0.09,1.11,0.2,0.01,0.03,606.41,282.93,0,0,1.13,3
272,1,7.68,0.14,3.2,1.22,0.24,0.25,0.37,703.36,4.32,0,0.11,16.32,2.08,0.05,0.62,0.11,0.01,0.01,342.24,159.68,0,0,0.64,3
273,,136,5.78,567.8,13.6,0,0,8.16,3568.3,78.2,0.03,0.54,282.2,27.2,0,0,5.78,0.1,0.07,0,0,0,0,0,3
274,1,22.68,0.96,94.69,2.27,0,0,1.36,595.07,13.04,0.01,0.09,47.06,4.54,0,0,0.96,0.02,0.01,0,0,0,0,0,3
275,1,151.04,4.43,61.44,21.56,5.38,4.04,6.32,10577.92,69.12,0.08,1.23,404.48,35.84,0.82,8.7,0.26,0.18,0.18,5143.04,2401.28,0,0,28.16,1
276,,66.67,1.95,27.12,9.51,2.37,1.79,2.79,4669.16,30.51,0.04,0.54,178.54,15.82,0.36,3.84,0.11,0.08,0.08,2270.17,1059.94,0,0,12.43,2
277,4,66.67,1.95,27.12,9.51,2.37,1.79,2.79,4669.16,30.51,0.04,0.54,178.54,15.82,0.36,3.84,0.11,0.08,0.08,2270.17,1059.94,0,0,12.43,2
278,4,66.67,1.95,27.12,9.51,2.37,1.79,2.79,4669.16,30.51,0.04,0.54,178.54,15.82,0.36,3.84,0.11,0.08,0.08,2270.17,1059.94,0,0,12.43,2
279,4,66.67,1.95,27.12,9.51,2.37,1.79,2.79,4669.16,30.51,0.04,0.54,178.54,15.82,0.36,3.84,0.11,0.08,0.08,2270.17,1059.94,0,0,12.43,2
280,1,16.73,0.49,6.8,2.39,0.6,0.45,0.7,1171.42,7.65,0.01,0.14,44.79,3.97,0.09,0.96,0.03,0.02,0.02,569.55,265.92,0,0,3.12,3
281,1,9.44,0.28,3.84,1.35,0.34,0.25,0.4,661.12,4.32,0.01,0.08,25.28,2.24,0.05,0.54,0.02,0.01,0.01,321.44,150.08,0,0,1.76,3
282,,108.8,3.74,44.2,15.47,1.87,0,2.89,1786.7,44.2,0.07,0.54,100.3,18.7,0,0,1.36,0.04,0.1,0,0,0,0,0,3
283,1,18.14,0.62,7.37,2.58,0.31,0,0.48,297.96,7.37,0.01,0.09,16.73,3.12,0,0,0.23,0.01,0.02,0,0,0,0,0,3
284,,71.19,2.82,22.6,8.93,1.24,0,2.26,1601.21,31.64,0.04,0.28,62.15,11.3,0,0,0.79,0.02,0.06,0,0,0,0,0,3
285,1,17.86,0.71,5.67,2.24,0.31,0,0.57,401.72,7.94,0.01,0.07,15.59,2.84,0,0,0.2,0.01,0.02,0,0,0,0,0,3
286,4,71.19,0.25,2.26,17.29,1.58,13.11,0.34,2316.5,9.04,0.01,0.11,168.37,6.78,0.18,0.9,7.23,0.06,0.1,1384.25,0,10.17,0,0,0
287,1,10.95,0.03,0.15,2.58,0.3,2.23,0.08,7.5,0.9,0,0.01,19.35,1.05,0.12,0.76,1.9,0.01,0.01,3.75,0,1.5,0,0,2
288,,105.4,0.34,22.1,28.22,3.06,15.01,0.34,69.7,8.5,0.03,0.07,110.5,5.1,0.46,14.96,23.63,0.07,0.1,37.4,0,10.2,0,0,0
289,1,17.58,0.06,3.69,4.71,0.51,2.5,0.06,11.62,1.42,0.01,0.01,18.43,0.85,0.08,2.49,3.94,0.01,0.02,6.24,0,1.7,0,0,1
290,,68.93,0.23,2.26,18.42,2.03,15.74,0.23,22.6,4.52,0.02,0.03,77.97,3.39,0.14,3.96,31.41,0.04,0.06,11.3,0,5.65,0,0,0
291,1,17.29,0.06,0.57,4.62,0.51,3.95,0.06,5.67,1.13,0,0.01,19.56,0.85,0.03,0.99,7.88,0.01,0.02,2.84,0,1.42,0,0,1
292,,98.6,0.34,3.4,26.18,3.57,22.03,0.34,57.8,8.5,0.02,0.05,122.4,6.8,0.12,1.36,49.13,0.06,0.09,25.5,1.7,15.3,0,0,0
293,1,16.44,0.06,0.57,4.37,0.6,3.67,0.06,9.64,1.42,0,0.01,20.41,1.13,0.02,0.23,8.19,0.01,0.02,4.25,0.28,2.55,0,0,1
294,,65.54,0.23,2.26,17.63,2.37,14.64,0.23,24.86,5.65,0.02,0.03,90.4,4.52,0.24,0.9,30.28,0.04,0.06,11.3,0,7.91,0,0,0
295,1,16.44,0.06,0.57,4.42,0.6,3.67,0.06,6.24,1.42,0,0.01,22.68,1.13,0.06,0.23,7.6,0.01,0.02,2.84,0,1.98,0,0,1
296,,79.9,0.34,5.1,21.08,3.06,14.82,0.34,56.1,10.2,0.02,0.05,185.3,6.8,0.07,0.85,30.43,0.05,0.07,25.5,0,18.7,0,0,0
297,6,79.9,0.34,5.1,21.08,3.06,14.82,0.34,56.1,10.2,0.02,0.05,185.3,6.8,0.07,0.85,30.43,0.05,0.07,25.5,0,18.7,0,0,0
298,1,13.32,0.06,0.85,3.52,0.51,2.47,0.06,9.36,1.7,0,0.01,30.9,1.13,0.01,0.14,5.07,0.01,0.01,4.25,0,3.12,0,0,1
299,1,7.52,0.03,0.48,1.98,0.29,1.4,0.03,5.28,0.96,0,0,17.44,0.64,0.01,0.08,2.86,0,0.01,2.4,0,1.76,0,0,2
300,,49.72,0.23,3.39,13.15,2.03,10.45,0.23,383.07,6.78,0.02,0.05,135.6,4.52,0.2,1.13,21.36,0.03,0.05,213.57,3.39,29.38,0,0,0
301,4,49.72,0.23,3.39,13.15,2.03,10.45,0.23,383.07,6.78,0.02,0.05,135.6,4.52,0.2,1.13,21.36,0.03,0.05,213.57,3.39,29.38,0,0,0
302,4.5,56.32,0.26,3.84,14.9,2.3,11.84,0.26,433.92,7.68,0.02,0.05,153.6,5.12,0.23,1.28,24.19,0.04,0.05,241.92,3.84,33.28,0,0,0
303,4,49.72,0.23,3.39,13.15,2.03,10.45,0.23,383.07,6.78,0.02,0.05,135.6,4.52,0.2,1.13,21.36,0.03,0.05,213.57,3.39,29.38,0,0,0
304,4,49.72,0.23,3.39,13.15,2.03,10.45,0.23,383.07,6.78,0.02,0.05,135.6,4.52,0.2,1.13,21.36,0.03,0.05,213.57,3.39,29.38,0,0,0
305,1,12.47,0.06,0.85,3.3,0.51,2.62,0.06,96.11,1.7,0,0.01,34.02,1.13,0.05,0.28,5.36,0.01,0.01,53.58,0.85,7.37,0,0,0
306,1,7.04,0.03,0.48,1.86,0.29,1.48,0.03,54.24,0.96,0,0.01,19.2,0.64,0.03,0.16,3.02,0,0.01,30.24,0.48,4.16,0,0,2
307,,86.7,0,1.7,23.97,1.87,18.04,0,76.5,1.7,0.02,0.05,224.4,6.8,0.1,2.04,72.76,0.07,0.08,40.8,0,10.2,0,0,0
308,1,14.46,0,0.28,4,0.31,3.01,0,12.76,0.28,0,0.01,37.42,1.13,0.02,0.34,12.13,0.01,0.01,6.8,0,1.7,0,0,1
309,,57.63,0,1.13,15.93,1.24,12.22,0,50.85,1.13,0.01,0.03,149.16,4.52,0.14,2.26,48.36,0.04,0.05,28.25,0,4.52,0,0,0
310,1,14.46,0,0.28,4,0.31,3.06,0,12.76,0.28,0,0.01,37.42,1.13,0.03,0.57,12.13,0.01,0.01,7.09,0,1.13,0,0,1
311,,66.3,0.17,3.4,17.85,2.55,0,0.17,35.7,6.8,0.04,0.05,129.2,6.8,0,0,45.56,0.07,0.06,0,0,0,0,0,3
312,1,11.06,0.03,0.57,2.98,0.43,0,0.03,5.95,1.13,0.01,0.01,21.55,1.13,0,0,7.6,0.01,0.01,0,0,0,0,0,3
313,,41.81,0.11,2.26,11.41,1.7,0,0.11,0,4.52,0.02,0.02,88.14,3.39,0,0,31.75,0.04,0.04,0,0,0,0,0,3
314,1,10.49,0.03,0.57,2.86,0.43,0,0.03,0,1.13,0.01,0.01,22.11,0.85,0,0,7.97,0.01,0.01,0,0,0,0,0,3
315,6,112.2,0.17,5.1,27.47,2.72,7.39,0.63,10.2,8.5,0.02,0.08,222.7,15.3,0.03,0.51,29.41,0.17,0.07,5.1,0,3.4,0,0,0
316,,112.2,0.17,5.1,27.47,2.72,7.39,0.63,10.2,8.5,0.02,0.08,222.7,15.3,0.03,0.51,29.41,0.17,0.07,5.1,0,3.4,0,0,0
317,1,10.56,0.02,0.48,2.59,0.26,0.7,0.06,0.96,0.8,0,0.01,20.96,1.44,0,0.05,2.77,0.02,0.01,0.48,0,0.32,0,0,3
318,,62.9,0,3.4,17.51,2.89,14.42,0,15.3,8.5,0.02,0.07,130.9,5.1,1.02,0.51,64.26,0.05,0.06,3.4,0,3.4,0,0,0
319,6,62.9,0,3.4,17.51,2.89,14.42,0,15.3,8.5,0.02,0.07,130.9,5.1,1.02,0.51,64.26,0.05,0.06,3.4,0,3.4,0,0,0
320,6,62.9,0,3.4,17.51,2.89,14.42,0,15.3,8.5,0.02,0.07,130.9,5.1,1.02,0.51,64.26,0.05,0.06,3.4,0,3.4,0,0,0
321,6,62.9,0,3.4,17.51,2.89,14.42,0,15.3,8.5,0.02,0.07,130.9,5.1,1.02,0.51,64.26,0.05,0.06,3.4,0,3.4,0,0,0
322,1,10.49,0,0.57,2.92,0.48,2.4,0,2.55,1.42,0,0.01,21.83,0.85,0.17,0.09,10.72,0.01,0.01,0.57,0,0.57,0,0,1
323,1,5.92,0,0.32,1.65,0.27,1.36,0,1.44,0.8,0,0.01,12.32,0.48,0.1,0.05,6.05,0,0.01,0.32,0,0.32,0,0,2
324,,46.33,0.23,2.26,12.2,1.92,11.15,0.23,19.21,4.52,0.01,0.02,80.23,3.39,0.68,0.56,43.28,0.04,0.04,13.56,0,10.17,0,0,0
325,2.5,29.11,0.14,1.42,7.67,1.21,7.01,0.14,12.07,2.84,0.01,0.01,50.41,2.13,0.43,0.36,27.19,0.02,0.03,8.52,0,6.39,0,0,0
326,4,46.33,0.23,2.26,12.2,1.92,11.15,0.23,19.21,4.52,0.01,0.02,80.23,3.39,0.68,0.56,43.28,0.04,0.04,13.56,0,10.17,0,0,0
327,4.5,52.48,0.26,2.56,13.82,2.18,12.63,0.26,21.76,5.12,0.02,0.03,90.88,3.84,0.77,0.64,49.02,0.04,0.05,15.36,0,11.52,0,0,0
328,2.5,29.11,0.14,1.42,7.67,1.21,7.01,0.14,12.07,2.84,0.01,0.01,50.41,2.13,0.43,0.36,27.19,0.02,0.03,8.52,0,6.39,0,0,0
329,4,46.33,0.23,2.26,12.2,1.92,11.15,0.23,19.21,4.52,0.01,0.02,80.23,3.39,0.68,0.56,43.28,0.04,0.04,13.56,0,10.17,0,0,0
330,2.5,29.11,0.14,1.42,7.67,1.21,7.01,0.14,12.07,2.84,0.01,0.01,50.41,2.13,0.43,0.36,27.19,0.02,0.03,8.52,0,6.39,0,0,0
331,4,46.33,0.23,2.26,12.2,1.92,11.15,0.23,19.21,4.52,0.01,0.02,80.23,3.39,0.68,0.56,43.28,0.04,0.04,13.56,0,10.17,0,0,0
332,1,11.62,0.06,0.57,3.06,0.48,2.8,0.06,4.82,1.13,0,0.01,20.13,0.85,0.17,0.14,10.86,0.01,0.01,3.4,0,2.55,0,0,1
333,1,6.56,0.03,0.32,1.73,0.27,1.58,0.03,2.72,0.64,0,0,11.36,0.48,0.1,0.08,6.13,0,0.01,1.92,0,1.44,0,0,2
334,,107.1,0,10.2,29.41,2.55,2.38,0.51,1229.1,13.6,0.01,0.07,212.5,6.8,1.02,0.68,30.43,0.05,0.06,698.7,11.9,66.3,0,0,1
335,6,107.1,0,10.2,29.41,2.55,2.38,0.51,1229.1,13.6,0.01,0.07,212.5,6.8,1.02,0.68,30.43,0.05,0.06,698.7,11.9,66.3,0,0,1
336,6,107.1,0,10.2,29.41,2.55,2.38,0.51,1229.1,13.6,0.01,0.07,212.5,6.8,1.02,0.68,30.43,0.05,0.06,698.7,11.9,66.3,0,0,1
337,1,17.86,0,1.7,4.9,0.43,0.4,0.09,204.97,2.27,0,0.01,35.44,1.13,0.17,0.11,5.07,0.01,0.01,116.52,1.98,11.06,0,0,3
338,1,9.45,0,0.9,2.6,0.22,0.21,0.04,108.45,1.2,0,0.01,18.75,0.6,0.09,0.06,2.68,0,0.01,61.65,1.05,5.85,0,0,3
339,,67.8,0,9.04,18.42,1.7,1.59,0.34,819.25,10.17,0.01,0.06,136.73,4.52,0.11,0.45,24.41,0.03,0.04,465.56,7.91,44.07,0,0,2
340,4,67.8,0,9.04,18.42,1.7,1.59,0.34,819.25,10.17,0.01,0.06,136.73,4.52,0.11,0.45,24.41,0.03,0.04,465.56,7.91,44.07,0,0,2
341,4.25,72,0,9.6,19.56,1.8,1.69,0.36,870,10.8,0.01,0.06,145.2,4.8,0.12,0.48,25.92,0.04,0.04,494.4,8.4,46.8,0,0,2
342,1,17.01,0,2.27,4.62,0.43,0.4,0.09,205.54,2.55,0,0.01,34.3,1.13,0.03,0.11,6.12,0.01,0.01,116.8,1.98,11.06,0,0,3
343,1,9,0,1.2,2.44,0.22,0.21,0.04,108.75,1.35,0,0.01,18.15,0.6,0.02,0.06,3.24,0,0.01,61.8,1.05,5.85,0,0,3
344,,115.6,0.17,13.6,31.28,2.72,14.3,0.34,68,11.9,0.03,0.05,132.6,10.2,0.03,1.02,36.04,0.16,0.07,39.1,1.7,0,0,0,0
345,6,115.6,0.17,13.6,31.28,2.72,14.3,0.34,68,11.9,0.03,0.05,132.6,10.2,0.03,1.02,36.04,0.16,0.07,39.1,1.7,0,0,0,0
346,6,115.6,0.17,13.6,31.28,2.72,14.3,0.34,68,11.9,0.03,0.05,132.6,10.2,0.03,1.02,36.04,0.16,0.07,39.1,1.7,0,0,0,0
347,1,19.28,0.03,2.27,5.22,0.45,2.38,0.06,11.34,1.98,0,0.01,22.11,1.7,0.01,0.17,6.01,0.03,0.01,6.52,0.28,0,0,0,1
348,1,10.2,0.02,1.2,2.76,0.24,1.26,0.03,6,1.05,0,0,11.7,0.9,0,0.09,3.18,0.01,0.01,3.45,0.15,0,0,0,2
349,,73.45,0,6.78,20.11,1.81,12.12,0.23,67.8,7.91,0.02,0.05,76.84,6.78,0.07,0.68,21.7,0.09,0.04,33.9,13.56,0,0,0,0
350,4,73.45,0,6.78,20.11,1.81,12.12,0.23,67.8,7.91,0.02,0.05,76.84,6.78,0.07,0.68,21.7,0.09,0.04,33.9,13.56,0,0,0,0
351,4.25,78,0,7.2,21.36,1.92,12.88,0.24,72,8.4,0.02,0.05,81.6,7.2,0.07,0.72,23.04,0.1,0.05,36,14.4,0,0,0,0
352,1,18.43,0,1.7,5.05,0.45,3.04,0.06,17.01,1.98,0.01,0.01,19.28,1.7,0.02,0.17,5.44,0.02,0.01,8.51,3.4,0,0,0,1
353,1,9.75,0,0.9,2.67,0.24,1.61,0.03,9,1.05,0,0.01,10.2,0.9,0.01,0.09,2.88,0.01,0.01,4.5,1.8,0,0,0,2
354,4,93.79,0.25,7.91,22.26,1.58,14.42,1.02,63.28,5.65,0.01,0.11,263.29,28.25,0.09,0.68,15.71,0.33,0.09,25.99,16.95,6.78,0,0,0
355,,93.79,0.25,7.91,22.26,1.58,14.42,1.02,63.28,5.65,0.01,0.11,263.29,28.25,0.09,0.68,15.71,0.33,0.09,25.99,16.95,6.78,0,0,0
356,1,12.45,0.03,1.05,2.96,0.21,1.91,0.14,8.4,0.75,0,0.02,34.95,3.75,0.01,0.09,2.08,0.04,0.01,3.45,2.25,0.9,0,0,2
357,,113.9,0.34,15.3,30.26,2.72,12.07,0.68,74.8,13.6,0.03,0.12,183.6,20.4,1.02,0.34,43.69,0.24,0.08,30.6,28.9,0,0,0,0
358,6,113.9,0.34,15.3,30.26,2.72,12.07,0.68,74.8,13.6,0.03,0.12,183.6,20.4,1.02,0.34,43.69,0.24,0.08,30.6,28.9,0,0,0,0
359,6,113.9,0.34,15.3,30.26,2.72,12.07,0.68,74.8,13.6,0.03,0.12,183.6,20.4,1.02,0.34,43.69,0.24,0.08,30.6,28.9,0,0,0,0
360,1,18.99,0.06,2.55,5.05,0.45,2.01,0.11,12.47,2.27,0,0.02,30.62,3.4,0.17,0.06,7.29,0.04,0.01,5.1,4.82,0,0,0,2
361,1,10.05,0.03,1.35,2.67,0.24,1.06,0.06,6.6,1.2,0,0.01,16.2,1.8,0.09,0.03,3.86,0.02,0.01,2.7,2.55,0,0,0,2
362,,64.41,0.11,10.17,17.29,1.81,0.43,0.45,48.59,5.65,0.01,0.07,99.44,11.3,0.68,0,18.87,0.13,0.05,19.21,19.21,0,0,0,3
363,4,64.41,0.11,10.17,17.29,1.81,0.43,0.45,48.59,5.65,0.01,0.07,99.44,11.3,0.68,0,18.87,0.13,0.05,19.21,19.21,0,0,0,3
364,4.25,68.4,0.12,10.8,18.36,1.92,0.46,0.48,51.6,6,0.01,0.07,105.6,12,0.72,0,20.04,0.14,0.05,20.4,20.4,0,0,0,3
365,1,16.16,0.03,2.55,4.34,0.45,0.11,0.11,12.19,1.42,0,0.02,24.95,2.84,0.17,0,4.73,0.03,0.01,4.82,4.82,0,0,0,3
366,1,8.55,0.02,1.35,2.3,0.24,0.06,0.06,6.45,0.75,0,0.01,13.2,1.5,0.09,0,2.5,0.02,0.01,2.55,2.55,0,0,0,3
367,,71.19,0.11,4.52,19.21,0,0,0.23,207.92,7.91,0.01,0.07,83.62,5.65,0,0,91.42,0.02,0,0,0,0,0,0,3
368,1,17.86,0.03,1.13,4.82,0,0,0.06,52.16,1.98,0,0.02,20.98,1.42,0,0,22.94,0,0,0,0,0,0,0,3
369,,90.4,0.23,4.52,24.41,1.13,14.24,0.34,3727.87,4.52,0.03,0.07,66.67,4.52,1.07,0,140.57,0.13,0.03,2168.47,82.49,53.11,0,0,0
370,4,90.4,0.23,4.52,24.41,1.13,14.24,0.34,3727.87,4.52,0.03,0.07,66.67,4.52,1.07,0,140.57,0.13,0.03,2168.47,82.49,53.11,0,0,0
371,1,22.68,0.06,1.13,6.12,0.28,3.57,0.09,935.27,1.13,0.01,0.02,16.73,1.13,0.27,0,35.27,0.03,0.01,544.04,20.7,13.32,0,0,1
372,1,12,0.03,0.6,3.24,0.15,1.89,0.04,494.85,0.6,0,0.01,8.85,0.6,0.14,0,18.66,0.02,0,287.85,10.95,7.05,0,0,2
373,,79.1,0.11,5.65,21.36,1.58,0,0.23,85.88,7.91,0.01,0.03,89.27,5.65,0,0,127.8,0.03,0.05,0,0,0,0,0,3
374,1,19.84,0.03,1.42,5.36,0.4,0,0.06,21.55,1.98,0,0.01,22.4,1.42,0,0,32.06,0.01,0.01,0,0,0,0,0,3
375,,120.7,0.34,8.5,32.13,2.55,25.48,0.85,302.6,8.5,0.02,0.1,263.5,8.5,2.23,7.82,32.13,0.03,0.08,149.6,0,62.9,0,0,0
376,6,120.7,0.34,8.5,32.13,2.55,25.48,0.85,302.6,8.5,0.02,0.1,263.5,8.5,2.23,7.82,32.13,0.03,0.08,149.6,0,62.9,0,0,0
377,6,120.7,0.34,8.5,32.13,2.55,25.48,0.85,302.6,8.5,0.02,0.1,263.5,8.5,2.23,7.82,32.13,0.03,0.08,149.6,0,62.9,0,0,0
378,6,120.7,0.34,8.5,32.13,2.55,25.48,0.85,302.6,8.5,0.02,0.1,263.5,8.5,2.23,7.82,32.13,0.03,0.08,149.6,0,62.9,0,0,0
379,1,20.13,0.06,1.42,5.36,0.43,4.25,0.14,50.46,1.42,0,0.02,43.94,1.42,0.37,1.3,5.36,0.01,0.01,24.95,0,10.49,0,0,1
380,1,11.36,0.03,0.8,3.02,0.24,2.4,0.08,28.48,0.8,0,0.01,24.8,0.8,0.21,0.74,3.02,0,0.01,14.08,0,5.92,0,0,1
381,,63.28,0.23,6.78,16.95,1.7,13.56,0.23,181.93,6.78,0.01,0.1,183.06,6.78,0.68,5.2,35.48,0.02,0.06,90.4,0,37.29,0,0,0
382,2.5,39.76,0.14,4.26,10.65,1.06,8.52,0.14,114.31,4.26,0.01,0.06,115.02,4.26,0.43,3.27,22.29,0.01,0.04,56.8,0,23.43,0,0,0
383,4,63.28,0.23,6.78,16.95,1.7,13.56,0.23,181.93,6.78,0.01,0.1,183.06,6.78,0.68,5.2,35.48,0.02,0.06,90.4,0,37.29,0,0,0
384,2.5,39.76,0.14,4.26,10.65,1.06,8.52,0.14,114.31,4.26,0.01,0.06,115.02,4.26,0.43,3.27,22.29,0.01,0.04,56.8,0,23.43,0,0,0
385,4,63.28,0.23,6.78,16.95,1.7,13.56,0.23,181.93,6.78,0.01,0.1,183.06,6.78,0.68,5.2,35.48,0.02,0.06,90.4,0,37.29,0,0,0
386,2.5,39.76,0.14,4.26,10.65,1.06,8.52,0.14,114.31,4.26,0.01,0.06,115.02,4.26,0.43,3.27,22.29,0.01,0.04,56.8,0,23.43,0,0,0
387,4,63.28,0.23,6.78,16.95,1.7,13.56,0.23,181.93,6.78,0.01,0.1,183.06,6.78,0.68,5.2,35.48,0.02,0.06,90.4,0,37.29,0,0,0
388,1,15.88,0.06,1.7,4.25,0.43,3.4,0.06,45.64,1.7,0,0.03,45.93,1.7,0.17,1.3,8.9,0,0.02,22.68,0,9.36,0,0,1
389,1,8.96,0.03,0.96,2.4,0.24,1.92,0.03,25.76,0.96,0,0.01,25.92,0.96,0.1,0.74,5.02,0,0.01,12.8,0,5.28,0,0,2
390,,74.8,0.34,1.7,19.38,4.42,12.51,0.51,54.4,17,0.04,0.22,200.6,11.9,0.14,5.1,28.56,0.02,0.18,30.6,0,3.4,0,0,0
391,6,74.8,0.34,1.7,19.38,4.42,12.51,0.51,54.4,17,0.04,0.22,200.6,11.9,0.14,5.1,28.56,0.02,0.18,30.6,0,3.4,0,0,0
392,1,12.47,0.06,0.28,3.23,0.74,2.09,0.09,9.07,2.84,0.01,0.04,33.45,1.98,0.02,0.85,4.76,0,0.03,5.1,0,0.57,0,0,1
393,1,7.04,0.03,0.16,1.82,0.42,1.18,0.05,5.12,1.6,0,0.02,18.88,1.12,0.01,0.48,2.69,0,0.02,2.88,0,0.32,0,0,2
394,,46.33,0.11,4.52,12.32,2.94,8.8,0.34,32.77,11.3,0.02,0.08,131.08,7.91,0.05,1.81,31.08,0.02,0.16,19.21,0,1.13,0,0,0
395,4,46.33,0.11,4.52,12.32,2.94,8.8,0.34,32.77,11.3,0.02,0.08,131.08,7.91,0.05,1.81,31.08,0.02,0.16,19.21,0,1.13,0,0,0
396,4,46.33,0.11,4.52,12.32,2.94,8.8,0.34,32.77,11.3,0.02,0.08,131.08,7.91,0.05,1.81,31.08,0.02,0.16,19.21,0,1.13,0,0,0
397,4,46.33,0.11,4.52,12.32,2.94,8.8,0.34,32.77,11.3,0.02,0.08,131.08,7.91,0.05,1.81,31.08,0.02,0.16,19.21,0,1.13,0,0,0
398,1,11.62,0.03,1.13,3.09,0.74,2.21,0.09,8.22,2.84,0.01,0.02,32.89,1.98,0.01,0.45,7.8,0,0.04,4.82,0,0.28,0,0,2
399,1,6.56,0.02,0.64,1.74,0.42,1.25,0.05,4.64,1.6,0,0.01,18.56,1.12,0.01,0.26,4.4,0,0.02,2.72,0,0.16,0,0,2
400,,73.1,0.17,3.4,19.72,6.12,12.48,0.51,57.8,13.6,0.02,0.14,195.5,15.3,1.02,5.78,37.4,0.02,0.14,17,0,1.7,0,0,0
401,6,73.1,0.17,3.4,19.72,6.12,12.48,0.51,57.8,13.6,0.02,0.14,195.5,15.3,1.02,5.78,37.4,0.02,0.14,17,0,1.7,0,0,0
402,6,73.1,0.17,3.4,19.72,6.12,12.48,0.51,57.8,13.6,0.02,0.14,195.5,15.3,1.02,5.78,37.4,0.02,0.14,17,0,1.7,0,0,0
403,6,73.1,0.17,3.4,19.72,6.12,12.48,0.51,57.8,13.6,0.02,0.14,195.5,15.3,1.02,5.78,37.4,0.02,0.14,17,0,1.7,0,0,0
404,1,12.19,0.03,0.57,3.29,1.02,2.08,0.09,9.64,2.27,0,0.02,32.6,2.55,0.17,0.96,6.24,0,0.02,2.84,0,0.28,0,0,2
405,1,6.88,0.02,0.32,1.86,0.58,1.17,0.05,5.44,1.28,0,0.01,18.4,1.44,0.1,0.54,3.52,0,0.01,1.6,0,0.16,0,0,2
406,,46.33,0.23,2.26,12.2,4.07,7.89,0.34,37.29,9.04,0.01,0.09,146.9,9.04,0.1,3.62,27.68,0.01,0.07,10.17,0,1.13,0,0,0
407,2.5,29.11,0.14,1.42,7.67,2.56,4.96,0.21,23.43,5.68,0.01,0.06,92.3,5.68,0.06,2.27,17.4,0.01,0.05,6.39,0,0.71,0,0,0
408,4,46.33,0.23,2.26,12.2,4.07,7.89,0.34,37.29,9.04,0.01,0.09,146.9,9.04,0.1,3.62,27.68,0.01,0.07,10.17,0,1.13,0,0,0
409,4.5,46.33,0.23,2.26,12.2,4.07,7.89,0.34,37.29,9.04,0.01,0.09,146.9,9.04,0.1,3.62,27.68,0.01,0.07,10.17,0,1.13,0,0,0
410,2.5,29.11,0.14,1.42,7.67,2.56,4.96,0.21,23.43,5.68,0.01,0.06,92.3,5.68,0.06,2.27,17.4,0.01,0.05,6.39,0,0.71,0,0,0
411,4,46.33,0.23,2.26,12.2,4.07,7.89,0.34,37.29,9.04,0.01,0.09,146.9,9.04,0.1,3.62,27.68,0.01,0.07,10.17,0,1.13,0,0,0
412,2.5,29.11,0.14,1.42,7.67,2.56,4.96,0.21,23.43,5.68,0.01,0.06,92.3,5.68,0.06,2.27,17.4,0.01,0.05,6.39,0,0.71,0,0,0
413,4,46.33,0.23,2.26,12.2,4.07,7.89,0.34,37.29,9.04,0.01,0.09,146.9,9.04,0.1,3.62,27.68,0.01,0.07,10.17,0,1.13,0,0,0
414,1,11.62,0.06,0.57,3.06,1.02,1.98,0.09,9.36,2.27,0,0.02,36.85,2.27,0.03,0.91,6.95,0,0.02,2.55,0,0.28,0,0,2
415,1,6.56,0.03,0.32,1.73,0.58,1.12,0.05,5.28,1.28,0,0.01,20.8,1.28,0.01,0.51,3.92,0,0.01,1.44,0,0.16,0,0,2
416,,125.8,0,13.6,34.85,2.04,23.19,0.17,159.8,10.2,0.01,0.14,141.1,6.8,1.02,5.78,1.36,0.05,0.06,88.4,0,17,0,0,0
417,6,125.8,0,13.6,34.85,2.04,23.19,0.17,159.8,10.2,0.01,0.14,141.1,6.8,1.02,5.78,1.36,0.05,0.06,88.4,0,17,0,0,0
418,1,20.98,0,2.27,5.81,0.34,3.87,0.03,26.65,1.7,0,0.02,23.53,1.13,0.17,0.96,0.23,0.01,0.01,14.74,0,2.84,0,0,1
419,1,11.1,0,1.2,3.08,0.18,2.05,0.02,14.1,0.9,0,0.01,12.45,0.6,0.09,0.51,0.12,0,0.01,7.8,0,1.5,0,0,2
420,,80.23,0,6.78,22.26,1.36,15.07,0.11,160.46,6.78,0.01,0.09,96.05,4.52,0.16,3.96,1.24,0.03,0.04,88.14,0,15.82,0,0,0
421,4,80.23,0,6.78,22.26,1.36,15.07,0.11,160.46,6.78,0.01,0.09,96.05,4.52,0.16,3.96,1.24,0.03,0.04,88.14,0,15.82,0,0,0
422,4,80.23,0,6.78,22.26,1.36,15.07,0.11,160.46,6.78,0.01,0.09,96.05,4.52,0.16,3.96,1.24,0.03,0.04,88.14,0,15.82,0,0,0
423,1,20.13,0,1.7,5.58,0.34,3.78,0.03,40.26,1.7,0,0.02,24.1,1.13,0.04,0.99,0.31,0.01,0.01,22.11,0,3.97,0,0,1
424,1,10.65,0,0.9,2.96,0.18,2,0.02,21.3,0.9,0,0.01,12.75,0.6,0.02,0.52,0.16,0,0.01,11.7,0,2.1,0,0,2
425,,119,0.17,3.4,31.79,4.59,18.65,1.02,353.6,25.5,0.04,0.17,275.4,17,0.19,26.86,1.36,0.15,0.11,178.5,25.5,42.5,0,0,0
426,1,19.84,0.03,0.57,5.3,0.77,3.11,0.17,58.97,4.25,0.01,0.03,45.93,2.84,0.03,4.48,0.23,0.02,0.02,29.77,4.25,7.09,0,0,1
427,,77.97,0.11,5.65,20.9,3.05,12.4,0.68,511.89,16.95,0.02,0.1,200.01,11.3,0.68,17.63,0.9,0.09,0.07,257.64,37.29,61.02,0,0,0
428,4,77.97,0.11,5.65,20.9,3.05,12.4,0.68,511.89,16.95,0.02,0.1,200.01,11.3,0.68,17.63,0.9,0.09,0.07,257.64,37.29,61.02,0,0,0
429,4.25,82.8,0.12,6,22.2,3.24,13.16,0.72,543.6,18,0.03,0.11,212.4,12,0.72,18.72,0.96,0.1,0.07,273.6,39.6,64.8,0,0,0
430,1,19.56,0.03,1.42,5.24,0.77,3.11,0.17,128.43,4.25,0.01,0.03,50.18,2.84,0.17,4.42,0.23,0.02,0.02,64.64,9.36,15.31,0,0,1
431,1,10.35,0.02,0.75,2.78,0.4,1.65,0.09,67.95,2.25,0,0.01,26.55,1.5,0.09,2.34,0.12,0.01,0.01,34.2,4.95,8.1,0,0,2
432,6,117.3,0.68,28.9,27.2,0.68,16,0.68,338.3,23.8,0.05,0.32,79.9,6.8,0.26,1.02,12.24,0.03,0.34,88.4,1.7,227.8,0,25.5,0
433,,117.3,0.68,28.9,27.2,0.68,16,0.68,338.3,23.8,0.05,0.32,79.9,6.8,0.26,1.02,12.24,0.03,0.34,88.4,1.7,227.8,0,25.5,0
434,1,10.35,0.06,2.55,2.4,0.06,1.41,0.06,29.85,2.1,0,0.03,7.05,0.6,0.02,0.09,1.08,0,0.03,7.8,0.15,20.1,0,2.25,2
435,4,74.58,0.34,28.25,17.49,0.68,10.5,0.45,150.29,16.95,0.02,0.9,51.98,4.52,0.12,0.45,14.01,0.02,0.02,39.55,1.13,100.57,0,16.95,0
436,,74.58,0.34,28.25,17.49,0.68,10.5,0.45,150.29,16.95,0.02,0.9,51.98,4.52,0.12,0.45,14.01,0.02,0.02,39.55,1.13,100.57,0,16.95,0
437,1,9.9,0.04,3.75,2.32,0.09,1.39,0.06,19.95,2.25,0,0.12,6.9,0.6,0.02,0.06,1.86,0,0,5.25,0.15,13.35,0,2.25,2
438,4,58.75,0.12,5,14,0.38,13.12,0.25,22.5,8.75,0.01,0.04,137.5,3.75,0.02,0.25,40.12,0.04,0.02,13.75,0,0,0,0,0
439,4,58.75,0.12,5,14,0.38,13.12,0.25,22.5,8.75,0.01,0.04,137.5,3.75,0.02,0.25,40.12,0.04,0.02,13.75,0,0,0,0,0
440,4,58.75,0.12,5,14,0.38,13.12,0.25,22.5,8.75,0.01,0.04,137.5,3.75,0.02,0.25,40.12,0.04,0.02,13.75,0,0,0,0,0
441,,58.75,0.12,5,14,0.38,13.12,0.25,22.5,8.75,0.01,0.04,137.5,3.75,0.02,0.25,40.12,0.04,0.02,13.75,0,0,0,0,0
442,1,14.66,0.03,1.25,3.49,0.09,3.28,0.06,5.62,2.18,0,0.01,34.32,0.94,0.01,0.06,10.02,0.01,0.01,3.43,0,0,0,0,1
443,1,12.79,0.06,0.94,3.09,0.03,2.8,0.03,1.56,1.56,0,0.01,30.58,0.94,0.01,0.12,18.19,0.01,0.01,0.94,0,0,0,0,2
444,,52.07,0.25,3.81,12.57,0.13,11.4,0.13,6.35,6.35,0.01,0.04,124.46,3.81,0.03,0.51,74.04,0.04,0.05,3.81,0,0,0,0,0
445,4,57.5,0.25,3.75,14.18,0.12,13.62,0.12,5,7.5,0.01,0.05,112.5,3.75,0,0,169.88,0.04,0.1,2.5,0,0,0,0,0
446,4.2,60.26,0.26,3.93,14.86,0.13,14.28,0.13,5.24,7.86,0.01,0.05,117.9,3.93,0,0,178.03,0.04,0.1,2.62,0,0,0,0,0
447,4,57.5,0.25,3.75,14.18,0.12,13.62,0.12,5,7.5,0.01,0.05,112.5,3.75,0,0,169.88,0.04,0.1,2.5,0,0,0,0,0
448,4,57.5,0.25,3.75,14.18,0.12,13.62,0.12,5,7.5,0.01,0.05,112.5,3.75,0,0,169.88,0.04,0.1,2.5,0,0,0,0,0
449,1,14.35,0.06,0.94,3.54,0.03,3.4,0.03,1.25,1.87,0,0.01,28.08,0.94,0,0,42.4,0.01,0.02,0.62,0,0,0,0,1
450,,58.42,0.25,3.81,14.4,0.13,13.84,0.13,5.08,7.62,0.01,0.05,114.3,3.81,0,0,172.59,0.04,0.1,2.54,0,0,0,0,0
451,1,13.1,0.03,0.31,3.28,0.03,2.99,0.06,19.66,0.94,0,0.01,30.26,0.94,0.05,0.16,18.25,0.01,0.01,9.67,0,4.06,0,0,1
452,,53.34,0.13,1.27,13.34,0.13,12.18,0.25,80.01,3.81,0.01,0.04,123.19,3.81,0.19,0.64,74.3,0.03,0.05,39.37,0,16.51,0,0,0
453,1,15.29,0,0.31,3.84,0.03,3.6,0.03,13.42,1.56,0.01,0.01,31.51,0.94,0.01,0.25,18.16,0.01,0.01,7.49,0,1.56,0,0,1
454,,62.23,0,1.27,15.62,0.13,14.66,0.13,54.61,6.35,0.03,0.04,128.27,3.81,0.05,1.02,73.91,0.04,0.05,30.48,0,6.35,0,0,0
455,4,91.25,0.12,6.25,22.5,0.12,13.22,0.25,20,11.25,0.01,0.06,185,8.75,0.06,1.62,84.38,0.04,0.08,10,1.25,2.5,0,0,0
456,1,22.78,0.03,1.56,5.62,0.03,3.3,0.06,4.99,2.81,0,0.02,46.18,2.18,0.02,0.41,21.06,0.01,0.02,2.5,0.31,0.62,0,0,1
457,,92.71,0.13,6.35,22.86,0.13,13.44,0.25,20.32,11.43,0.01,0.06,187.96,8.89,0.06,1.65,85.72,0.04,0.08,10.16,1.27,2.54,0,0,0
458,4,58.75,0.12,3.75,14.62,0.12,13.38,0,22.5,5,0.01,0.04,113.75,3.75,0.75,0,72.38,0.04,0.05,10,0,7.5,0,0,0
459,4.2,61.57,0.13,3.93,15.33,0.13,14.02,0,23.58,5.24,0.01,0.04,119.21,3.93,0.79,0,75.85,0.04,0.05,10.48,0,7.86,0,0,0
460,4,58.75,0.12,3.75,14.62,0.12,13.38,0,22.5,5,0.01,0.04,113.75,3.75,0.75,0,72.38,0.04,0.05,10,0,7.5,0,0,0
461,4,58.75,0.12,3.75,14.62,0.12,13.38,0,22.5,5,0.01,0.04,113.75,3.75,0.75,0,72.38,0.04,0.05,10,0,7.5,0,0,0
462,1,14.9,0.03,0.95,3.71,0.03,3.39,0,5.71,1.27,0,0.01,28.85,0.95,0.19,0,18.35,0.01,0.01,2.54,0,1.9,0,0,1
463,,59.69,0.13,3.81,14.86,0.13,13.59,0,22.86,5.08,0.01,0.04,115.57,3.81,0.76,0,73.53,0.04,0.05,10.16,0,7.62,0,0,0
464,,85.05,0.19,5.67,20.98,0.76,17.01,0.11,0,240.03,0.04,0.06,173.88,11.34,0,0,40.07,0.06,0.02,0,0,0,0,0,0
465,,118.08,0.25,12.3,28.04,1.23,23.62,0.74,7579.26,36.9,0.02,0.2,337.02,17.22,0.84,1.72,83.89,0.17,0.08,4548.54,0,0,0,0,0
466,1,14.78,0.03,1.54,3.51,0.15,2.96,0.09,948.95,4.62,0,0.02,42.2,2.16,0.1,0.22,10.5,0.02,0.01,569.49,0,0,0,0,1
467,4,58.75,0.12,5,14.5,0.12,10.58,0.12,52.5,10,0.03,0.04,126.25,6.25,0.05,1.12,79.5,0.05,0.05,23.75,13.75,1.25,0,0,0
468,1,14.66,0.03,1.25,3.62,0.03,2.64,0.03,13.1,2.5,0.01,0.01,31.51,1.56,0.01,0.28,19.84,0.01,0.01,5.93,3.43,0.31,0,0,1
469,,59.69,0.13,5.08,14.73,0.13,10.74,0.13,53.34,10.16,0.03,0.04,128.27,6.35,0.05,1.14,80.77,0.05,0.05,24.13,13.97,1.27,0,0,0
470,4,58.75,0.12,5,14.38,0.12,12.54,0.5,33.75,6.25,0.05,0.04,167.5,7.5,0.02,0.12,40.12,0.08,0.06,6.25,1.25,27.5,0,0,0
471,1,14.66,0.03,1.25,3.59,0.03,3.13,0.12,8.42,1.56,0.01,0.01,41.81,1.87,0.01,0.03,10.02,0.02,0.01,1.56,0.31,6.86,0,0,1
472,,59.69,0.13,5.08,14.6,0.13,12.74,0.51,34.29,6.35,0.05,0.04,170.18,7.62,0.03,0.13,40.77,0.08,0.06,6.35,1.27,27.94,0,0,0
473,1,13.42,0.06,0.94,3.15,0,0,0.12,22.78,3.12,0.01,0.01,43.06,1.56,0,0,23.99,0.01,0.01,0,0,0,0,0,3
474,,54.61,0.25,3.81,12.83,0,0,0.51,92.71,12.7,0.05,0.04,175.26,6.35,0,0,97.66,0.05,0.05,0,0,0,0,0,3
475,1,14.35,0.03,1.87,3.4,0.03,0,0.25,67.39,1.87,0.02,0.01,62.09,2.18,0,0,26.8,0.02,0.03,0,0,0,0,0,3
476,,58.42,0.13,7.62,13.84,0.13,0,1.02,274.32,7.62,0.07,0.05,252.73,8.89,0,0,109.09,0.07,0.11,0,0,0,0,0,3
477,1,15.6,0.03,0.94,3.71,0,0,0.22,14.35,5.3,0.02,0.03,62.4,4.37,0,0,10.61,0.02,0.01,0,0,0,0,0,3
478,,63.5,0.13,3.81,15.11,0,0,0.89,58.42,21.59,0.06,0.11,254,17.78,0,0,43.18,0.07,0.05,0,0,0,0,0,3
479,1,14.98,0.03,0.62,3.65,0.03,0,0.16,9.67,2.5,0.02,0.01,43.99,2.81,0,0,16.66,0.02,0.01,0,0,0,0,0,3
480,,60.96,0.13,2.54,14.86,0.13,0,0.64,39.37,10.16,0.06,0.05,179.07,11.43,0,0,67.82,0.08,0.06,0,0,0,0,0,3
481,4,55,0.38,1.25,12.75,0.12,10.32,0.75,68.75,15,0.06,0.08,230,11.25,0.05,0.12,78.12,0.07,0.06,11.25,2.5,58.75,0,0,0
482,4,55,0.38,1.25,12.75,0.12,10.32,0.75,68.75,15,0.06,0.08,230,11.25,0.05,0.12,78.12,0.07,0.06,11.25,2.5,58.75,0,0,0
483,4,55,0.38,1.25,12.75,0.12,10.32,0.75,68.75,15,0.06,0.08,230,11.25,0.05,0.12,78.12,0.07,0.06,11.25,2.5,58.75,0,0,0
484,1,13.73,0.09,0.31,3.18,0.03,2.58,0.19,17.16,3.74,0.01,0.02,57.41,2.81,0.01,0.03,19.5,0.02,0.01,2.81,0.62,14.66,0,0,1
485,,55.88,0.38,1.27,12.95,0.13,10.49,0.76,69.85,15.24,0.06,0.08,233.68,11.43,0.05,0.13,79.38,0.07,0.06,11.43,2.54,59.69,0,0,0
486,,105.78,0.25,24.6,24.35,0.98,20.66,1.23,4624.8,39.36,0.15,0.17,428.04,24.6,0.71,3.69,83.89,0.12,0.11,2122.98,971.7,332.1,0,0,0
487,1,13.24,0.03,3.08,3.05,0.12,2.59,0.15,579.04,4.93,0.02,0.02,53.59,3.08,0.09,0.46,10.5,0.02,0.01,265.8,121.66,41.58,0,0,1
488,4,58.75,0,0,14.82,0.12,9.1,0,0,15,0.01,0.1,162.5,10,0.11,4.25,42.25,0.01,0.08,0,0,0,0,0,0
489,4.2,61.57,0,0,15.54,0.13,9.54,0,0,15.72,0.01,0.1,170.3,10.48,0.12,4.45,44.28,0.01,0.09,0,0,0,0,0,0
490,4,58.75,0,0,14.82,0.12,9.1,0,0,15,0.01,0.1,162.5,10,0.11,4.25,42.25,0.01,0.08,0,0,0,0,0,0
491,4,58.75,0,0,14.82,0.12,9.1,0,0,15,0.01,0.1,162.5,10,0.11,4.25,42.25,0.01,0.08,0,0,0,0,0,0
492,,58.75,0,0,14.82,0.12,9.1,0,0,15,0.01,0.1,162.5,10,0.11,4.25,42.25,0.01,0.08,0,0,0,0,0,0
493,1,14.66,0,0,3.7,0.03,2.27,0,0,3.74,0,0.02,40.56,2.5,0.03,1.06,10.55,0,0.02,0,0,0,0,0,2
494,1,21.84,0.09,0.62,5.24,0,0,0.19,40.87,3.74,0.01,0.01,56.47,2.5,0,0,19.91,0.02,0.01,0,0,0,0,0,3
495,,88.9,0.38,2.54,21.34,0,0,0.76,166.37,15.24,0.06,0.05,229.87,10.16,0,0,81.03,0.08,0.06,0,0,0,0,0,3
496,,121.72,3.76,320.41,15.61,0.9,2.11,6.26,2040.6,19.69,0.04,1.56,300.72,19.69,0.66,5.73,4.47,0.13,0.14,1018.51,413.49,0,3053.74,21.48,2
497,,75.26,3.48,46.86,0,0,0,10.3,0,5.68,0.01,1.42,134.9,6.39,0.28,0.57,1.35,0.09,0.07,0,0,0,0,19.88,3
498,2.5,75.26,3.48,46.86,0,0,0,10.3,0,5.68,0.01,1.42,134.9,6.39,0.28,0.57,1.35,0.09,0.07,0,0,0,0,19.88,3
499,2.5,75.26,3.48,46.86,0,0,0,10.3,0,5.68,0.01,1.42,134.9,6.39,0.28,0.57,1.35,0.09,0.07,0,0,0,0,19.88,3
500,1,30.05,1.39,18.71,0,0,0,4.11,0,2.27,0,0.57,53.86,2.55,0.11,0.23,0.54,0.03,0.03,0,0,0,0,7.94,3
501,1,15.9,0.74,9.9,0,0,0,2.17,0,1.2,0,0.3,28.5,1.35,0.06,0.12,0.28,0.02,0.01,0,0,0,0,4.2,3
502,,75.97,3.83,57.51,0,0,0,9.66,0,4.97,0.01,1.75,156.2,12.07,0.28,0.5,1.49,0.1,0.03,0,0,0,0,20.59,3
503,2.5,75.97,3.83,57.51,0,0,0,9.66,0,4.97,0.01,1.75,156.2,12.07,0.28,0.5,1.49,0.1,0.03,0,0,0,0,20.59,3
504,2.5,75.97,3.83,57.51,0,0,0,9.66,0,4.97,0.01,1.75,156.2,12.07,0.28,0.5,1.49,0.1,0.03,0,0,0,0,20.59,3
505,2.5,75.97,3.83,57.51,0,0,0,9.66,0,4.97,0.01,1.75,156.2,12.07,0.28,0.5,1.49,0.1,0.03,0,0,0,0,20.59,3
506,1,30.33,1.53,22.96,0,0,0,3.86,0,1.98,0,0.7,62.37,4.82,0.11,0.2,0.6,0.04,0.01,0,0,0,0,8.22,3
507,1,16.05,0.81,12.15,0,0,0,2.04,0,1.05,0,0.37,33,2.55,0.06,0.1,0.32,0.02,0.01,0,0,0,0,4.35,3
508,,133.48,10.22,340.09,1.06,0.14,0.99,10.37,7.81,51.83,0.01,0.72,75.26,9.94,0.26,0.28,1.21,0.07,0.03,0,0,0,0,55.38,3
509,2.5,133.48,10.22,340.09,1.06,0.14,0.99,10.37,7.81,51.83,0.01,0.72,75.26,9.94,0.26,0.28,1.21,0.07,0.03,0,0,0,0,55.38,3
510,,18.8,1.44,47.9,0.15,0.02,0.14,1.46,1.1,7.3,0,0.1,10.6,1.4,0.04,0.04,0.17,0.01,0,0,0,0,0,7.8,3
511,,105.79,6.82,36.21,0,0,0,10.44,28.4,39.05,0.01,0.72,86.62,7.81,0.28,1.21,1.06,0.13,0.03,0,0,0,0,41.89,3
512,2.5,105.79,6.82,36.21,0,0,0,10.44,28.4,39.05,0.01,0.72,86.62,7.81,0.28,1.21,1.06,0.13,0.03,0,0,0,0,41.89,3
513,2.5,105.79,6.82,36.21,0,0,0,10.44,28.4,39.05,0.01,0.72,86.62,7.81,0.28,1.21,1.06,0.13,0.03,0,0,0,0,41.89,3
514,1,42.24,2.72,14.46,0,0,0,4.17,11.34,15.59,0,0.29,34.59,3.12,0.11,0.48,0.43,0.05,0.01,0,0,0,0,16.73,3
515,1,22.35,1.44,7.65,0,0,0,2.2,6,8.25,0,0.15,18.3,1.65,0.06,0.26,0.22,0.03,0.01,0,0,0,0,8.85,3
516,,66.03,2.91,33.37,1.04,0,0,8.38,14.91,45.44,0.01,0.86,100.11,9.23,0.18,0.71,1.21,0.14,0.03,0,0,0,0,43.31,3
517,2.5,66.03,2.91,33.37,1.04,0,0,8.38,14.91,45.44,0.01,0.86,100.11,9.23,0.18,0.71,1.21,0.14,0.03,0,0,0,0,43.31,3
518,2.5,66.03,2.91,33.37,1.04,0,0,8.38,14.91,45.44,0.01,0.86,100.11,9.23,0.18,0.71,1.21,0.14,0.03,0,0,0,0,43.31,3
519,2.5,66.03,2.91,33.37,1.04,0,0,8.38,14.91,45.44,0.01,0.86,100.11,9.23,0.18,0.71,1.21,0.14,0.03,0,0,0,0,43.31,3
520,1,26.37,1.16,13.32,0.42,0,0,3.35,5.95,18.14,0,0.34,39.97,3.69,0.07,0.28,0.48,0.06,0.01,0,0,0,0,17.29,3
521,1,13.95,0.61,7.05,0.22,0,0,1.77,3.15,9.6,0,0.18,21.15,1.95,0.04,0.15,0.26,0.03,0.01,0,0,0,0,9.15,3
522,,88.75,4.76,47.57,0,0,0,10.72,22.72,3.55,0.1,1.21,149.1,7.81,0.28,0,1.49,0.14,0.05,0,0,0,0,20.59,3
523,1,35.44,1.9,18.99,0,0,0,4.28,9.07,1.42,0.04,0.48,59.54,3.12,0.11,0,0.6,0.06,0.02,0,0,0,0,8.22,3
524,,78.81,4.12,29.11,0,0,0,9.87,3.55,4.26,0.1,1.6,144.84,9.23,0.09,0,1.49,0.18,0.05,0,0,0,0,17.04,3
525,2.5,78.81,4.12,29.11,0,0,0,9.87,3.55,4.26,0.1,1.6,144.84,9.23,0.09,0,1.49,0.18,0.05,0,0,0,0,17.04,3
526,1,31.47,1.64,11.62,0,0,0,3.94,1.42,1.7,0.04,0.64,57.83,3.69,0.04,0,0.6,0.07,0.02,0,0,0,0,6.8,3
527,1,16.65,0.87,6.15,0,0,0,2.08,0.75,0.9,0.02,0.34,30.6,1.95,0.02,0,0.32,0.04,0.01,0,0,0,0,3.6,3
528,,79.52,3.69,51.83,0,0,0,10.79,19.17,4.97,0.01,1.85,149.81,7.1,0.28,0,1.21,0.13,0.04,0,0,0,0,26.98,3
529,1,31.75,1.47,20.7,0,0,0,4.31,7.65,1.98,0.01,0.74,59.82,2.84,0.11,0,0.48,0.05,0.02,0,0,0,0,10.77,3
530,,73.13,3.34,44.02,0.07,0,0,10.01,0,4.97,0.01,1.96,145.55,9.23,0.04,1.42,0.85,0.11,0.04,0,0,0,0,26.98,3
531,2.5,73.13,3.34,44.02,0.07,0,0,10.01,0,4.97,0.01,1.96,145.55,9.23,0.04,1.42,0.85,0.11,0.04,0,0,0,0,26.98,3
532,2.5,73.13,3.34,44.02,0.07,0,0,10.01,0,4.97,0.01,1.96,145.55,9.23,0.04,1.42,0.85,0.11,0.04,0,0,0,0,26.98,3
533,2.5,73.13,3.34,44.02,0.07,0,0,10.01,0,4.97,0.01,1.96,145.55,9.23,0.04,1.42,0.85,0.11,0.04,0,0,0,0,26.98,3
534,1,29.2,1.33,17.58,0.03,0,0,4,0,1.98,0.01,0.78,58.12,3.69,0.01,0.57,0.34,0.04,0.02,0,0,0,0,10.77,3
535,1,15.45,0.7,9.3,0.02,0,0,2.12,0,1.05,0,0.41,30.75,1.95,0.01,0.3,0.18,0.02,0.01,0,0,0,0,5.7,3
536,,130.64,10.37,388.37,0.78,0.14,0.57,9.51,48.99,24.14,0.04,1.35,80.94,7.81,0.2,0.36,1.7,0.06,0.05,0,0,0,0,49.7,3
537,2.5,130.64,10.37,388.37,0.78,0.14,0.57,9.51,48.99,24.14,0.04,1.35,80.94,7.81,0.2,0.36,1.7,0.06,0.05,0,0,0,0,49.7,3
538,,18.4,1.46,54.7,0.11,0.02,0.08,1.34,6.9,3.4,0.01,0.19,11.4,1.1,0.03,0.05,0.24,0.01,0.01,0,0,0,0,7,3
539,,88.04,5.04,29.82,0,0,0,9.94,26.98,3.55,0.1,1.61,158.33,7.1,0.28,0,1.28,0.15,0.05,0,0,0,0,34.08,3
540,1,35.15,2.01,11.91,0,0,0,3.97,10.77,1.42,0.04,0.64,63.22,2.84,0.11,0,0.51,0.06,0.02,0,0,0,0,13.61,3
541,,129.22,10.08,342.93,0.99,0.36,0.99,9.73,13.49,51.12,0.01,1.3,64.61,11.36,0.26,0.28,1.06,0.05,0.03,0,0,0,0,46.15,3
542,2.5,129.22,10.08,342.93,0.99,0.36,0.99,9.73,13.49,51.12,0.01,1.3,64.61,11.36,0.26,0.28,1.06,0.05,0.03,0,0,0,0,46.15,3
543,,18.2,1.42,48.3,0.14,0.05,0.14,1.37,1.9,7.2,0,0.18,9.1,1.6,0.04,0.04,0.15,0.01,0,0,0,0,0,6.5,3
544,,91.59,5.04,51.12,0,0,0,10.93,0,19.88,0.01,1.28,127.8,8.52,0.15,1.7,1.7,0.12,0.03,0,0,0,0,37.63,3
545,2.5,91.59,5.04,51.12,0,0,0,10.93,0,19.88,0.01,1.28,127.8,8.52,0.15,1.7,1.7,0.12,0.03,0,0,0,0,37.63,3
546,1,36.57,2.01,20.41,0,0,0,4.37,0,7.94,0,0.51,51.03,3.4,0.06,0.68,0.68,0.05,0.01,0,0,0,0,15.03,3
547,1,19.35,1.06,10.8,0,0,0,2.31,0,4.2,0,0.27,27,1.8,0.03,0.36,0.36,0.02,0.01,0,0,0,0,7.95,3
548,,80.94,4.12,39.05,0.07,0,0,10.15,0,16.33,0.01,1.3,164.01,9.94,0.14,1.56,1.56,0.13,0.03,0,0,0,0,41.89,3
549,2.5,80.94,4.12,39.05,0.07,0,0,10.15,0,16.33,0.01,1.3,164.01,9.94,0.14,1.56,1.56,0.13,0.03,0,0,0,0,41.89,3
550,2.5,80.94,4.12,39.05,0.07,0,0,10.15,0,16.33,0.01,1.3,164.01,9.94,0.14,1.56,1.56,0.13,0.03,0,0,0,0,41.89,3
551,2.5,80.94,4.12,39.05,0.07,0,0,10.15,0,16.33,0.01,1.3,164.01,9.94,0.14,1.56,1.56,0.13,0.03,0,0,0,0,41.89,3
552,1,32.32,1.64,15.59,0.03,0,0,4.05,0,6.52,0.01,0.52,65.49,3.97,0.06,0.62,0.62,0.05,0.01,0,0,0,0,16.73,3
553,1,17.1,0.87,8.25,0.02,0,0,2.14,0,3.45,0,0.27,34.65,2.1,0.03,0.33,0.33,0.03,0.01,0,0,0,0,8.85,3
554,,71.71,3.41,45.44,0,0,0,9.59,0,4.97,0.01,1.42,153.36,8.52,0.18,2.13,1.63,0.11,0.03,0,0,0,0,18.46,3
555,2.5,71.71,3.41,45.44,0,0,0,9.59,0,4.97,0.01,1.42,153.36,8.52,0.18,2.13,1.63,0.11,0.03,0,0,0,0,18.46,3
556,2.5,71.71,3.41,45.44,0,0,0,9.59,0,4.97,0.01,1.42,153.36,8.52,0.18,2.13,1.63,0.11,0.03,0,0,0,0,18.46,3
557,2.5,71.71,3.41,45.44,0,0,0,9.59,0,4.97,0.01,1.42,153.36,8.52,0.18,2.13,1.63,0.11,0.03,0,0,0,0,18.46,3
558,1,28.63,1.36,18.14,0,0,0,3.83,0,1.98,0,0.57,61.24,3.4,0.07,0.85,0.65,0.04,0.01,0,0,0,0,7.37,3
559,1,15.15,0.72,9.6,0,0,0,2.02,0,1.05,0,0.3,32.4,1.8,0.04,0.45,0.34,0.02,0.01,0,0,0,0,3.9,3
560,,95.76,1.01,45.36,18.5,0.5,13.61,3.02,35.28,102.06,0.05,0.18,172.62,12.6,0.04,0.25,42.71,0.06,0.04,3.78,0,10.08,0,3.78,0
561,1,23.94,0.25,11.34,4.62,0.13,3.4,0.76,8.82,25.52,0.01,0.04,43.16,3.15,0.01,0.06,10.68,0.02,0.01,0.94,0,2.52,0,0.94,1
562,4,84.75,0.9,18.08,18.34,0.45,13.27,0.9,75.71,31.64,0.02,0.12,70.06,4.52,0.15,0.56,13.22,0.05,0.02,31.64,1.13,15.82,0,0,0
563,4,84.75,0.9,18.08,18.34,0.45,13.27,0.9,75.71,31.64,0.02,0.12,70.06,4.52,0.15,0.56,13.22,0.05,0.02,31.64,1.13,15.82,0,0,0
564,4.25,90,0.96,19.2,19.48,0.48,14.09,0.96,80.4,33.6,0.02,0.13,74.4,4.8,0.16,0.6,14.04,0.05,0.02,33.6,1.2,16.8,0,0,0
565,,84.75,0.9,18.08,18.34,0.45,13.27,0.9,75.71,31.64,0.02,0.12,70.06,4.52,0.15,0.56,13.22,0.05,0.02,31.64,1.13,15.82,0,0,0
566,1,11.25,0.12,2.4,2.43,0.06,1.76,0.12,10.05,4.2,0,0.02,9.3,0.6,0.02,0.08,1.76,0.01,0,4.2,0.15,2.1,0,0,2
567,75,84.42,1.48,42,15.57,1.64,2.33,2.2,18.69,60.06,0.16,1.2,72.66,22.47,0.52,1.58,0.57,0.08,0.07,8.61,2.52,2.73,0,0,2
568,1,21.31,0.37,10.6,3.93,0.41,0.59,0.56,4.72,15.16,0.04,0.3,18.34,5.67,0.13,0.4,0.14,0.02,0.02,2.17,0.64,0.69,0,0,3
569,1,147.2,1.15,13.8,26.43,5.75,6.62,7.82,892.4,32.2,0.23,1.06,213.9,57.5,0.16,28.98,6.9,0.14,0.18,522.1,25.3,0,0,0,0
570,4.5,81.92,0.64,7.68,14.71,3.2,3.69,4.35,496.64,17.92,0.13,0.59,119.04,32,0.09,16.13,3.84,0.08,0.1,290.56,14.08,0,0,0,1
571,1,9.22,0.07,0.86,1.65,0.36,0.41,0.49,55.87,2.02,0.01,0.07,13.39,3.6,0.01,1.81,0.43,0.01,0.01,32.69,1.58,0,0,0,3
572,1,84.76,0.16,92.91,19.12,1.47,1.48,1.63,0,6.52,0.03,0.28,179.3,24.45,0.03,0.33,17.11,0.11,0.11,0,0,0,0,0,2
573,4.5,36.92,0.07,40.47,8.33,0.64,0.65,0.71,0,2.84,0.01,0.12,78.1,10.65,0.01,0.14,7.46,0.05,0.05,0,0,0,0,0,3
574,1,5.2,0.01,5.7,1.17,0.09,0.09,0.1,0,0.4,0,0.02,11,1.5,0,0.02,1.05,0.01,0.01,0,0,0,0,0,3
575,1,112.55,0.57,76.26,23.3,0.65,0.87,3.06,2.27,7.09,0.13,0.22,38.84,7.94,0.08,0.14,1.08,0.02,0.04,1.13,0.28,0.28,0,0,3
576,,23.82,0.12,16.14,4.93,0.14,0.18,0.65,0.48,1.5,0.03,0.05,8.22,1.68,0.02,0.03,0.23,0,0.01,0.24,0.06,0.06,0,0,3
577,2.5,71.71,0.14,4.26,16.7,1.92,15.06,0.71,42.6,14.91,0.01,0.14,217.26,12.07,0.39,15.69,0.92,0.08,0.12,21.3,2.84,4.97,0,0,0
578,1,15.15,0.03,0.9,3.53,0.4,3.18,0.15,9,3.15,0,0.03,45.9,2.55,0.08,3.32,0.2,0.02,0.02,4.5,0.6,1.05,0,0,1
579,,7.92,0.18,23.76,1.3,0.01,0.05,0.29,39.52,4.32,0.01,0.03,2.56,0.56,0.03,0.75,0.01,0.01,0,18.4,0.16,0.24,130.56,0.56,3
580,1,15.84,0.35,47.52,2.61,0.02,0.09,0.58,79.04,8.64,0.02,0.06,5.12,1.12,0.07,1.5,0.02,0.01,0.01,36.8,0.32,0.48,261.12,1.12,3
581,1,9.9,0.06,0.4,2.17,0.08,0.08,0.17,0.2,21.25,0.03,0.04,10.25,0.38,0.01,0.04,0,0,0.01,0.1,0,0.08,0,0,3
582,,43.78,0.55,28.38,8.58,0.21,3.14,0.99,12.76,11,0.03,0.1,35.53,3.85,0.03,0.07,1,0.01,0.02,1.43,0.66,0,0,0,1
583,1,112.83,1.42,73.14,22.12,0.54,8.08,2.55,32.89,28.35,0.07,0.26,91.57,9.92,0.07,0.17,2.58,0.03,0.04,3.69,1.7,0,0,0,0
584,1,158.7,3.45,32.2,27.83,2.53,5.5,4.37,345,32.2,0.12,0.51,310.5,34.5,0.34,30.82,0.69,0.12,0.18,167.9,75.9,0,2.3,0,0
585,4.5,88.32,1.92,17.92,15.49,1.41,3.06,2.43,192,17.92,0.06,0.28,172.8,19.2,0.19,17.15,0.38,0.06,0.1,93.44,42.24,0,1.28,0,1
586,1,9.94,0.22,2.02,1.74,0.16,0.34,0.27,21.6,2.02,0.01,0.03,19.44,2.16,0.02,1.93,0.04,0.01,0.01,10.51,4.75,0,0.14,0,3
587,4,56.5,0.68,5.65,10.51,2.26,3.31,2.26,3156.09,36.16,0.07,0.34,397.76,29.38,0.09,2.71,5.54,0.12,0.11,1667.88,409.06,42.94,0,0,1
588,4,71.19,2.15,20.34,10.17,1.58,2.66,2.49,96.05,67.8,0.05,0.34,167.24,22.6,0.09,1.58,1.24,0.09,0.05,31.64,0,0,0,5.65,1
589,1,76.16,0.22,185.92,17.25,4.26,13.64,2.91,60.48,31.36,0.02,0.27,407.68,31.36,0.07,0.45,5.38,0.05,0.16,35.84,0,0,0,0,0
590,,38.42,0.11,93.79,8.7,2.15,6.88,1.47,30.51,15.82,0.01,0.14,205.66,15.82,0.03,0.23,2.71,0.03,0.08,18.08,0,0,0,0,0
591,4,38.42,0.11,93.79,8.7,2.15,6.88,1.47,30.51,15.82,0.01,0.14,205.66,15.82,0.03,0.23,2.71,0.03,0.08,18.08,0,0,0,0,0
592,4,38.42,0.11,93.79,8.7,2.15,6.88,1.47,30.51,15.82,0.01,0.14,205.66,15.82,0.03,0.23,2.71,0.03,0.08,18.08,0,0,0,0,0
593,1,9.64,0.03,23.53,2.18,0.54,1.73,0.37,7.65,3.97,0,0.03,51.6,3.97,0.01,0.06,0.68,0.01,0.02,4.54,0,0,0,0,2
594,1,4.76,0.01,11.62,1.08,0.27,0.85,0.18,3.78,1.96,0,0.02,25.48,1.96,0,0.03,0.34,0,0.01,2.24,0,0,0,0,3
595,1,71.68,0.45,109.76,16.13,3.81,7.08,1.79,26454.4,51.52,0.05,0.4,452.48,24.64,1.16,28,12.32,0.18,0.11,12868.8,6007.68,0,0,0,0
596,,54.4,0.34,83.3,12.24,2.89,5.37,1.36,20077,39.1,0.04,0.31,343.4,18.7,0.88,21.25,9.35,0.14,0.08,9766.5,4559.4,0,0,0,0
597,6,54.4,0.34,83.3,12.24,2.89,5.37,1.36,20077,39.1,0.04,0.31,343.4,18.7,0.88,21.25,9.35,0.14,0.08,9766.5,4559.4,0,0,0,0
598,6,54.4,0.34,83.3,12.24,2.89,5.37,1.36,20077,39.1,0.04,0.31,343.4,18.7,0.88,21.25,9.35,0.14,0.08,9766.5,4559.4,0,0,0,0
599,6,54.4,0.34,83.3,12.24,2.89,5.37,1.36,20077,39.1,0.04,0.31,343.4,18.7,0.88,21.25,9.35,0.14,0.08,9766.5,4559.4,0,0,0,0
600,1,9.07,0.06,13.89,2.04,0.48,0.9,0.23,3348.14,6.52,0.01,0.05,57.27,3.12,0.15,3.54,1.56,0.02,0.01,1628.71,760.35,0,0,0,3
601,1,4.48,0.03,6.86,1.01,0.24,0.44,0.11,1653.4,3.22,0,0.03,28.28,1.54,0.07,1.75,0.77,0.01,0.01,804.3,375.48,0,0,0,3
602,1,60.48,0.22,82.88,13.44,3.81,8.15,1.79,25672.64,49.28,0.05,0.34,439.04,20.16,1.16,32.26,12.77,0.16,0.09,12488,5828.48,0,0,0,0
603,,30.51,0.11,41.81,6.78,1.92,4.11,0.9,12950.93,24.86,0.03,0.17,221.48,10.17,0.59,16.27,6.44,0.08,0.05,6299.75,2940.26,0,0,0,1
604,2.5,19.17,0.07,26.27,4.26,1.21,2.58,0.57,8137.31,15.62,0.02,0.11,139.16,6.39,0.37,10.22,4.05,0.05,0.03,3958.25,1847.42,0,0,0,2
605,4,30.51,0.11,41.81,6.78,1.92,4.11,0.9,12950.93,24.86,0.03,0.17,221.48,10.17,0.59,16.27,6.44,0.08,0.05,6299.75,2940.26,0,0,0,1
606,4.5,34.56,0.13,47.36,7.68,2.18,4.66,1.02,14670.08,28.16,0.03,0.19,250.88,11.52,0.67,18.43,7.3,0.09,0.05,7136,3330.56,0,0,0,0
607,2.5,19.17,0.07,26.27,4.26,1.21,2.58,0.57,8137.31,15.62,0.02,0.11,139.16,6.39,0.37,10.22,4.05,0.05,0.03,3958.25,1847.42,0,0,0,1
608,4,30.51,0.11,41.81,6.78,1.92,4.11,0.9,12950.93,24.86,0.03,0.17,221.48,10.17,0.59,16.27,6.44,0.08,0.05,6299.75,2940.26,0,0,0,1
609,2.5,19.17,0.07,26.27,4.26,1.21,2.58,0.57,8137.31,15.62,0.02,0.11,139.16,6.39,0.37,10.22,4.05,0.05,0.03,3958.25,1847.42,0,0,0,1
610,4,30.51,0.11,41.81,6.78,1.92,4.11,0.9,12950.93,24.86,0.03,0.17,221.48,10.17,0.59,16.27,6.44,0.08,0.05,6299.75,2940.26,0,0,0,1
611,1,7.65,0.03,10.49,1.7,0.48,1.03,0.23,3249.19,6.24,0.01,0.04,55.57,2.55,0.15,4.08,1.62,0.02,0.01,1580.51,737.67,0,0,0,2
612,1,3.78,0.01,5.18,0.84,0.24,0.51,0.11,1604.54,3.08,0,0.02,27.44,1.26,0.07,2.02,0.8,0.01,0.01,780.5,364.28,0,0,0,3
613,1,156,0.96,124.8,39,5.04,3.55,3.36,81.6,9.6,0.03,0.55,194.4,19.2,0.1,0,5.28,0.1,0.09,31.2,24,7.2,0,2.4,1
614,,110.5,0.68,88.4,27.62,3.57,2.52,2.38,57.8,6.8,0.02,0.39,137.7,13.6,0.07,0,3.74,0.07,0.06,22.1,17,5.1,0,1.7,1
615,6,110.5,0.68,88.4,27.62,3.57,2.52,2.38,57.8,6.8,0.02,0.39,137.7,13.6,0.07,0,3.74,0.07,0.06,22.1,17,5.1,0,1.7,1
616,1,18.43,0.11,14.74,4.61,0.6,0.42,0.4,9.64,1.13,0,0.07,22.96,2.27,0.01,0,0.62,0.01,0.01,3.69,2.84,0.85,0,0.28,3
617,1,9.75,0.06,7.8,2.44,0.32,0.22,0.21,5.1,0.6,0,0.03,12.15,1.2,0.01,0,0.33,0.01,0.01,1.95,1.5,0.45,0,0.15,3
618,1,136.8,0.96,103.2,33.84,5.04,2.95,3.36,180,48,0.03,0.46,216,19.2,0.1,0,5.04,0.1,0.08,62.4,48,12,0,2.4,1
619,,64.41,0.45,48.59,15.93,2.37,1.39,1.58,84.75,22.6,0.01,0.21,101.7,9.04,0.05,0,2.37,0.05,0.04,29.38,22.6,5.65,0,1.13,2
620,4,64.41,0.45,48.59,15.93,2.37,1.39,1.58,84.75,22.6,0.01,0.21,101.7,9.04,0.05,0,2.37,0.05,0.04,29.38,22.6,5.65,0,1.13,2
621,4,64.41,0.45,48.59,15.93,2.37,1.39,1.58,84.75,22.6,0.01,0.21,101.7,9.04,0.05,0,2.37,0.05,0.04,29.38,22.6,5.65,0,1.13,2
622,4,64.41,0.45,48.59,15.93,2.37,1.39,1.58,84.75,22.6,0.01,0.21,101.7,9.04,0.05,0,2.37,0.05,0.04,29.38,22.6,5.65,0,1.13,2
623,1,16.16,0.11,12.19,4,0.6,0.35,0.4,21.26,5.67,0,0.05,25.52,2.27,0.01,0,0.6,0.01,0.01,7.37,5.67,1.42,0,0.28,3
624,1,8.55,0.06,6.45,2.12,0.32,0.18,0.21,11.25,3,0,0.03,13.5,1.2,0.01,0,0.32,0.01,0.01,3.9,3,0.75,0,0.15,3
625,,36.16,0.23,39.55,7.68,1.7,2.9,2.6,6855.71,31.64,0.07,0.29,189.84,23.73,0.59,27.68,6.44,0.11,0.08,3695.1,836.2,0,0,0,1
626,1,9.07,0.06,9.92,1.93,0.43,0.73,0.65,1719.99,7.94,0.02,0.07,47.63,5.95,0.15,6.95,1.62,0.03,0.02,927.04,209.79,0,0,0,3
627,1,60,0.24,4.8,13.68,4.56,2.59,2.88,1039.2,156,0.05,0.46,307.2,52.8,0.77,26.64,20.16,0.08,0.12,700.8,0,0,0,0,1
628,,42.5,0.17,3.4,9.69,3.23,1.84,2.04,736.1,110.5,0.04,0.32,217.6,37.4,0.54,18.87,14.28,0.06,0.08,496.4,0,0,0,0,2
629,6,42.5,0.17,3.4,9.69,3.23,1.84,2.04,736.1,110.5,0.04,0.32,217.6,37.4,0.54,18.87,14.28,0.06,0.08,496.4,0,0,0,0,2
630,1,7.09,0.03,0.57,1.62,0.54,0.31,0.34,122.76,18.43,0.01,0.05,36.29,6.24,0.09,3.15,2.38,0.01,0.01,82.78,0,0,0,0,3
631,1,3.75,0.02,0.3,0.86,0.28,0.16,0.18,64.95,9.75,0,0.03,19.2,3.3,0.05,1.66,1.26,0.01,0.01,43.8,0,0,0,0,3
632,1,60,0.24,4.8,14.16,4.56,2.76,3.12,1075.2,93.6,0.06,0.5,379.2,57.6,1.25,28.56,12.48,0.09,0.12,748.8,0,0,0,0,1
633,,28.25,0.11,2.26,6.67,2.15,1.3,1.47,506.24,44.07,0.03,0.24,178.54,27.12,0.59,13.45,5.88,0.04,0.06,352.56,0,0,0,0,2
634,4,28.25,0.11,2.26,6.67,2.15,1.3,1.47,506.24,44.07,0.03,0.24,178.54,27.12,0.59,13.45,5.88,0.04,0.06,352.56,0,0,0,0,2
635,2.5,17.75,0.07,1.42,4.19,1.35,0.82,0.92,318.08,27.69,0.02,0.15,112.18,17.04,0.37,8.45,3.69,0.03,0.04,221.52,0,0,0,0,3
636,4,28.25,0.11,2.26,6.67,2.15,1.3,1.47,506.24,44.07,0.03,0.24,178.54,27.12,0.59,13.45,5.88,0.04,0.06,352.56,0,0,0,0,2
637,2.5,17.75,0.07,1.42,4.19,1.35,0.82,0.92,318.08,27.69,0.02,0.15,112.18,17.04,0.37,8.45,3.69,0.03,0.04,221.52,0,0,0,0,3
638,4,28.25,0.11,2.26,6.67,2.15,1.3,1.47,506.24,44.07,0.03,0.24,178.54,27.12,0.59,13.45,5.88,0.04,0.06,352.56,0,0,0,0,2
639,1,7.09,0.03,0.57,1.67,0.54,0.33,0.37,127.01,11.06,0.01,0.06,44.79,6.8,0.15,3.37,1.47,0.01,0.01,88.45,0,0,0,0,3
640,1,3.75,0.02,0.3,0.88,0.28,0.17,0.2,67.2,5.85,0,0.03,23.7,3.6,0.08,1.78,0.78,0.01,0.01,46.8,0,0,0,0,3
641,1,86.4,0.96,86.4,19.68,3.6,4.27,3.36,10068,26.4,0.07,0.65,408,26.4,1.25,17.76,6,0.19,0.1,4944,2196,0,0,0,1
642,,61.2,0.68,61.2,13.94,2.55,3.03,2.38,7131.5,18.7,0.05,0.46,289,18.7,0.88,12.58,4.25,0.14,0.07,3502,1555.5,0,0,0,1
644,1,10.21,0.11,10.21,2.32,0.43,0.5,0.4,1189.28,3.12,0.01,0.08,48.2,3.12,0.15,2.1,0.71,0.02,0.01,584.01,259.4,0,0,0,3
645,1,5.4,0.06,5.4,1.23,0.22,0.27,0.21,629.25,1.65,0,0.04,25.5,1.65,0.08,1.11,0.38,0.01,0.01,309,137.25,0,0,0,3
646,,40.68,0.56,14.69,9.1,1.7,1.77,1.36,3577.58,14.69,0.02,0.17,143.51,11.3,0.27,7.91,1.92,0.06,0.05,1751.5,789.87,0,0,0,2
647,1,10.21,0.14,3.69,2.28,0.43,0.45,0.34,897.56,3.69,0.01,0.04,36,2.84,0.07,1.98,0.48,0.02,0.01,439.42,198.17,0,0,0,3
648,1,96,0.72,9.6,19.44,5.04,8.04,8.4,1356,48,0.19,0.84,268.8,36,1.25,35.04,16.56,0.17,0.15,636,31.2,0,0,0,0
649,,45.2,0.34,4.52,9.15,2.37,3.79,3.96,638.45,22.6,0.09,0.4,126.56,16.95,0.59,16.5,7.8,0.08,0.07,299.45,14.69,0,0,0,1
650,2.5,28.4,0.21,2.84,5.75,1.49,2.38,2.48,401.15,14.2,0.06,0.25,79.52,10.65,0.37,10.37,4.9,0.05,0.05,188.15,9.23,0,0,0,1
651,4,45.2,0.34,4.52,9.15,2.37,3.79,3.96,638.45,22.6,0.09,0.4,126.56,16.95,0.59,16.5,7.8,0.08,0.07,299.45,14.69,0,0,0,1
652,2.5,28.4,0.21,2.84,5.75,1.49,2.38,2.48,401.15,14.2,0.06,0.25,79.52,10.65,0.37,10.37,4.9,0.05,0.05,188.15,9.23,0,0,0,1
653,4,45.2,0.34,4.52,9.15,2.37,3.79,3.96,638.45,22.6,0.09,0.4,126.56,16.95,0.59,16.5,7.8,0.08,0.07,299.45,14.69,0,0,0,1
654,2.5,28.4,0.21,2.84,5.75,1.49,2.38,2.48,401.15,14.2,0.06,0.25,79.52,10.65,0.37,10.37,4.9,0.05,0.05,188.15,9.23,0,0,0,1
655,4,45.2,0.34,4.52,9.15,2.37,3.79,3.96,638.45,22.6,0.09,0.4,126.56,16.95,0.59,16.5,7.8,0.08,0.07,299.45,14.69,0,0,0,1
656,1,11.34,0.09,1.13,2.3,0.6,0.95,0.99,160.18,5.67,0.02,0.1,31.75,4.25,0.15,4.14,1.96,0.02,0.02,75.13,3.69,0,0,0,3
657,1,6,0.04,0.6,1.22,0.32,0.5,0.52,84.75,3,0.01,0.05,16.8,2.25,0.08,2.19,1.03,0.01,0.01,39.75,1.95,0,0,0,3
658,1,88.8,3.12,117.6,13.68,4.32,5.59,6,10008,213.6,0.04,0.74,458.4,132,1.99,472.08,20.88,0.18,0.14,5894.4,0,0,0,12,0
659,,41.81,1.47,55.37,6.44,2.03,2.63,2.82,4712.1,100.57,0.02,0.35,215.83,62.15,0.94,222.27,9.83,0.08,0.07,2775.28,0,0,0,5.65,1
660,4,41.81,1.47,55.37,6.44,2.03,2.63,2.82,4712.1,100.57,0.02,0.35,215.83,62.15,0.94,222.27,9.83,0.08,0.07,2775.28,0,0,0,5.65,1
661,1,10.49,0.37,13.89,1.62,0.51,0.66,0.71,1182.2,25.23,0,0.09,54.15,15.59,0.24,55.76,2.47,0.02,0.02,696.28,0,0,0,1.42,3
662,1,5.55,0.2,7.35,0.86,0.27,0.35,0.38,625.5,13.35,0,0.05,28.65,8.25,0.12,29.5,1.3,0.01,0.01,368.4,0,0,0,0.75,3
663,1,53.76,0.45,2.24,12.54,4.7,4.93,1.79,4511.36,53.76,0.02,0.18,414.4,26.88,1.16,6.5,17.47,0.15,0.12,2412.48,589.12,0,0,0,0
664,,40.8,0.34,1.7,9.52,3.57,3.74,1.36,3423.8,40.8,0.02,0.14,314.5,20.4,0.88,4.93,13.26,0.12,0.09,1830.9,447.1,0,0,0,1
665,6,40.8,0.34,1.7,9.52,3.57,3.74,1.36,3423.8,40.8,0.02,0.14,314.5,20.4,0.88,4.93,13.26,0.12,0.09,1830.9,447.1,0,0,0,1
666,1,6.8,0.06,0.28,1.59,0.6,0.62,0.23,570.97,6.8,0,0.02,52.45,3.4,0.15,0.82,2.21,0.02,0.02,305.33,74.56,0,0,0,3
667,1,3.36,0.03,0.14,0.78,0.29,0.31,0.11,281.96,3.36,0,0.01,25.9,1.68,0.07,0.41,1.09,0.01,0.01,150.78,36.82,0,0,0,3
668,1,53.76,0.45,4.48,12.54,4.7,5,1.79,4531.52,53.76,0.02,0.31,400.96,26.88,1.16,6.72,17.25,0.14,0.12,2423.68,591.36,0,0,0,0
669,,27.12,0.23,2.26,6.33,2.37,2.52,0.9,2285.99,27.12,0.01,0.16,202.27,13.56,0.59,3.39,8.7,0.07,0.06,1222.66,298.32,0,0,0,1
670,2.5,17.04,0.14,1.42,3.98,1.49,1.58,0.57,1436.33,17.04,0.01,0.1,127.09,8.52,0.37,2.13,5.47,0.04,0.04,768.22,187.44,0,0,0,2
671,4,27.12,0.23,2.26,6.33,2.37,2.52,0.9,2285.99,27.12,0.01,0.16,202.27,13.56,0.59,3.39,8.7,0.07,0.06,1222.66,298.32,0,0,0,1
672,4.5,30.72,0.26,2.56,7.17,2.69,2.85,1.02,2589.44,30.72,0.01,0.18,229.12,15.36,0.67,3.84,9.86,0.08,0.07,1384.96,337.92,0,0,0,1
673,2.5,17.04,0.14,1.42,3.98,1.49,1.58,0.57,1436.33,17.04,0.01,0.1,127.09,8.52,0.37,2.13,5.47,0.04,0.04,768.22,187.44,0,0,0,2
674,4,27.12,0.23,2.26,6.33,2.37,2.52,0.9,2285.99,27.12,0.01,0.16,202.27,13.56,0.59,3.39,8.7,0.07,0.06,1222.66,298.32,0,0,0,1
675,2.5,17.04,0.14,1.42,3.98,1.49,1.58,0.57,1436.33,17.04,0.01,0.1,127.09,8.52,0.37,2.13,5.47,0.04,0.04,768.22,187.44,0,0,0,2
676,4,27.12,0.23,2.26,6.33,2.37,2.52,0.9,2285.99,27.12,0.01,0.16,202.27,13.56,0.59,3.39,8.7,0.07,0.06,1222.66,298.32,0,0,0,1
677,1,6.8,0.06,0.57,1.59,0.6,0.63,0.23,573.52,6.8,0,0.04,50.75,3.4,0.15,0.85,2.18,0.02,0.02,306.75,74.84,0,0,0,3
678,1,3.36,0.03,0.28,0.78,0.29,0.31,0.11,283.22,3.36,0,0.02,25.06,1.68,0.07,0.42,1.08,0.01,0.01,151.48,36.96,0,0,0,3
679,1,127.68,0.22,44.8,29.57,3.36,9.07,2.46,14421.12,35.84,0.06,0.47,589.12,29.12,1.16,3.14,22.18,0.21,0.18,8653.12,0,0,0,0,0
680,,64.41,0.11,22.6,14.92,1.7,4.58,1.24,7274.94,18.08,0.03,0.24,297.19,14.69,0.59,1.58,11.19,0.11,0.09,4365.19,0,0,0,0,1
681,2.5,40.47,0.07,14.2,9.37,1.06,2.88,0.78,4570.98,11.36,0.02,0.15,186.73,9.23,0.37,0.99,7.03,0.07,0.06,2742.73,0,0,0,0,1
682,4,64.41,0.11,22.6,14.92,1.7,4.58,1.24,7274.94,18.08,0.03,0.24,297.19,14.69,0.59,1.58,11.19,0.11,0.09,4365.19,0,0,0,0,0
683,4.5,72.96,0.13,25.6,16.9,1.92,5.18,1.41,8240.64,20.48,0.04,0.27,336.64,16.64,0.67,1.79,12.67,0.12,0.1,4944.64,0,0,0,0,0
684,2.5,40.47,0.07,14.2,9.37,1.06,2.88,0.78,4570.98,11.36,0.02,0.15,186.73,9.23,0.37,0.99,7.03,0.07,0.06,2742.73,0,0,0,0,1
685,4,64.41,0.11,22.6,14.92,1.7,4.58,1.24,7274.94,18.08,0.03,0.24,297.19,14.69,0.59,1.58,11.19,0.11,0.09,4365.19,0,0,0,0,0
686,2.5,40.47,0.07,14.2,9.37,1.06,2.88,0.78,4570.98,11.36,0.02,0.15,186.73,9.23,0.37,0.99,7.03,0.07,0.06,2742.73,0,0,0,0,1
687,4,64.41,0.11,22.6,14.92,1.7,4.58,1.24,7274.94,18.08,0.03,0.24,297.19,14.69,0.59,1.58,11.19,0.11,0.09,4365.19,0,0,0,0,0
688,1,16.16,0.03,5.67,3.74,0.43,1.15,0.31,1825.17,4.54,0.01,0.06,74.56,3.69,0.15,0.4,2.81,0.03,0.02,1095.16,0,0,0,0,2
689,1,7.98,0.01,2.8,1.85,0.21,0.57,0.15,901.32,2.24,0,0.03,36.82,1.82,0.07,0.2,1.39,0.01,0.01,540.82,0,0,0,0,3
690,1,134.4,0.22,49.28,31.14,3.36,9.5,2.46,14864.64,35.84,0.06,0.25,544.32,26.88,1.16,3.36,21.5,0.25,0.22,8919.68,0,0,0,0,0
691,,102,0.17,37.4,23.63,2.55,7.21,1.87,11281.2,27.2,0.04,0.19,413.1,20.4,0.88,2.55,16.32,0.19,0.17,6769.4,0,0,0,0,0
692,6,102,0.17,37.4,23.63,2.55,7.21,1.87,11281.2,27.2,0.04,0.19,413.1,20.4,0.88,2.55,16.32,0.19,0.17,6769.4,0,0,0,0,0
693,6,102,0.17,37.4,23.63,2.55,7.21,1.87,11281.2,27.2,0.04,0.19,413.1,20.4,0.88,2.55,16.32,0.19,0.17,6769.4,0,0,0,0,0
694,6,102,0.17,37.4,23.63,2.55,7.21,1.87,11281.2,27.2,0.04,0.19,413.1,20.4,0.88,2.55,16.32,0.19,0.17,6769.4,0,0,0,0,0
695,1,17.01,0.03,6.24,3.94,0.43,1.2,0.31,1881.31,4.54,0.01,0.03,68.89,3.4,0.15,0.43,2.72,0.03,0.03,1128.9,0,0,0,0,2
696,1,8.4,0.01,3.08,1.95,0.21,0.59,0.15,929.04,2.24,0,0.02,34.02,1.68,0.07,0.21,1.34,0.02,0.01,557.48,0,0,0,0,3
